-- MySQL dump 10.13  Distrib 5.6.30, for debian-linux-gnu (x86_64)
--
-- Host: 127.0.0.1    Database: salud
-- ------------------------------------------------------
-- Server version	5.7.11

/*!40101 SET @OLD_CHARACTER_SET_CLIENT=@@CHARACTER_SET_CLIENT */;
/*!40101 SET @OLD_CHARACTER_SET_RESULTS=@@CHARACTER_SET_RESULTS */;
/*!40101 SET @OLD_COLLATION_CONNECTION=@@COLLATION_CONNECTION */;
/*!40101 SET NAMES utf8 */;
/*!40103 SET @OLD_TIME_ZONE=@@TIME_ZONE */;
/*!40103 SET TIME_ZONE='+00:00' */;
/*!40014 SET @OLD_UNIQUE_CHECKS=@@UNIQUE_CHECKS, UNIQUE_CHECKS=0 */;
/*!40014 SET @OLD_FOREIGN_KEY_CHECKS=@@FOREIGN_KEY_CHECKS, FOREIGN_KEY_CHECKS=0 */;
/*!40101 SET @OLD_SQL_MODE=@@SQL_MODE, SQL_MODE='NO_AUTO_VALUE_ON_ZERO' */;
/*!40111 SET @OLD_SQL_NOTES=@@SQL_NOTES, SQL_NOTES=0 */;

--
-- Table structure for table `actos`
--

DROP TABLE IF EXISTS `actos`;
/*!40101 SET @saved_cs_client     = @@character_set_client */;
/*!40101 SET character_set_client = utf8 */;
CREATE TABLE `actos` (
  `codactos` int(11) NOT NULL,
  `codespecialidad` int(11) NOT NULL,
  `descripcion` varchar(100) DEFAULT NULL,
  `tipo` varchar(3) DEFAULT NULL,
  `fechaalta` date DEFAULT NULL,
  `fechabaja` date DEFAULT NULL,
  PRIMARY KEY (`codactos`,`codespecialidad`),
  KEY `fk_actos_1_idx` (`tipo`),
  KEY `fk_actos_2_idx` (`codespecialidad`),
  CONSTRAINT `fk_actos_1` FOREIGN KEY (`tipo`) REFERENCES `tipoacto` (`codigo`) ON DELETE NO ACTION ON UPDATE NO ACTION,
  CONSTRAINT `fk_actos_2` FOREIGN KEY (`codespecialidad`) REFERENCES `especialidades` (`codespecialidad`) ON DELETE NO ACTION ON UPDATE NO ACTION
) ENGINE=InnoDB DEFAULT CHARSET=latin1;
/*!40101 SET character_set_client = @saved_cs_client */;

--
-- Dumping data for table `actos`
--

LOCK TABLES `actos` WRITE;
/*!40000 ALTER TABLE `actos` DISABLE KEYS */;
INSERT INTO `actos` VALUES (1,1,'CONSULTA','CV',NULL,NULL),(1,2,'CONSULTA','CV',NULL,NULL),(1,3,'CONSULTA','CV',NULL,NULL),(1,43,'CONSULTA','CV',NULL,NULL),(1,44,'CONSULTA','CV',NULL,NULL),(2,1,'REVISION','CV',NULL,NULL),(2,2,'REVISION','CV',NULL,NULL),(2,3,'REVISION','CV',NULL,NULL),(2,43,'REVISION','CV',NULL,NULL),(3,1,'VISITA A DOMICILIO','CV',NULL,NULL),(3,2,'VISITA A DOMICILIO','CV',NULL,NULL),(3,3,'VISITA A DOMICILIO','CV',NULL,NULL),(3,43,'VISITA A DOMICILIO','CV',NULL,NULL),(4,2,'ASISTENCIA DIARIA EN U.C.I.N. (UNIDAD DE CUIDADOS INTENSIVOS NEONATALES)','CV',NULL,NULL),(5,2,'ASISTENCIA NEONATAL EN EL PARTO','CV',NULL,NULL),(6,2,'VISITA A HOSPITAL','CV',NULL,NULL),(6,3,'VISITA A HOSPITAL','CV',NULL,NULL),(6,43,'VISITA A HOSPITAL','CV',NULL,NULL),(2724,2,'ASISTENCIA A ENFERMO HOSPITALIZADO, INGRESO NO QUIRURGICO. PRIMER DIA','CV',NULL,NULL),(2724,3,'ASISTENCIA A ENFERMO HOSPITALIZADO, INGRESO NO QUIRURGICO. PRIMER DIA','CV',NULL,NULL),(2725,2,'ASISTENCIA A ENFERMO HOSPITALIZADO, INGRESO NO QUIRURGICO. SEGUNDO Y TERCER DIA','CV',NULL,NULL),(2725,3,'ASISTENCIA A ENFERMO HOSPITALIZADO, INGRESO NO QUIRURGICO. SEGUNDO Y TERCER DIA','CV',NULL,NULL),(2726,2,'ASISTENCIA A ENFERMO HOSPITALIZADO, INGRESO NO QUIRURGICO. DEL CUARTO AL SEPTIMO DIA','CV',NULL,NULL),(2726,3,'ASISTENCIA A ENFERMO HOSPITALIZADO, INGRESO NO QUIRURGICO. DEL CUARTO AL SEPTIMO DIA','CV',NULL,NULL),(2727,2,'ASISTENCIA A ENFERMO HOSPITALIZADO, INGRESO NO QUIRURGICO. OCTAVO DIA Y SUCESIVOS','CV',NULL,NULL),(2727,3,'ASISTENCIA A ENFERMO HOSPITALIZADO, INGRESO NO QUIRURGICO. OCTAVO DIA Y SUCESIVOS','CV',NULL,NULL),(9000,42,'ABSORB INC ORINA DIA ANAT','F',NULL,NULL),(9001,42,'ABSORB INC ORINA DIA RECT','F',NULL,NULL),(9002,42,'ABSORB INC ORINA NOC ANAT','F',NULL,NULL),(9003,42,'ABSORB INC ORINA NOC ANAT','F',NULL,NULL),(9004,42,'ABSORB INC ORINA NOC RECT','F',NULL,NULL),(9005,42,'ABSORB INC ORINA SUP-NOC  ANAT','F',NULL,NULL),(9006,42,'ABSORB INC ORINA SUP-NOC RECT','F',NULL,NULL),(9007,42,'ALGODON ARROLLADO MEZCLA','F',NULL,NULL),(9008,42,'ALGODON ARROLLADO PURO','F',NULL,NULL),(9009,42,'ALGODON ZIG-ZAG MEZCLA','F',NULL,NULL),(9010,42,'ALGODON ZIG-ZAG PURO','F',NULL,NULL),(9011,42,'APOSITO ESTERIL','F',NULL,NULL),(9012,42,'APOSITOS ADHESIVOS FILTROS LARINGECTOMIA','F',NULL,NULL),(9013,42,'APOSITOS B OSTOM ARO RES SINT','F',NULL,NULL),(9014,42,'APOSITOS B OSTOM ARO RES SINT C-ESP','F',NULL,NULL),(9015,42,'APOSITOS B OSTOM ARO RES SINT MIC','F',NULL,NULL),(9016,42,'APOSITOS B OSTOM ARO RES SINT MIC C-ESP','F',NULL,NULL),(9017,42,'APOSITOS B OSTOM RES NAT','F',NULL,NULL),(9018,42,'APOSITOS B OSTOM RES SINT','F',NULL,NULL),(9019,42,'APOSITOS B OSTOM RES SINT ACOPLAM ADH','F',NULL,NULL),(9020,42,'APOSITOS B OSTOM RES SINT MIC ACOPLAM ADH','F',NULL,NULL),(9021,42,'BOLSAS COLOST DOBLES RES SINT FIL','F',NULL,NULL),(9022,42,'BOLSAS COLOST KAR ADH MIC FIL','F',NULL,NULL),(9023,42,'BOLSAS COLOST KAR FIL','F',NULL,NULL),(9024,42,'BOLSAS COLOST RES SINT FIL','F',NULL,NULL),(9025,42,'BOLSAS COLOST RES SINT MIC FIL','F',NULL,NULL),(9026,42,'BOLSAS COLOST SIST DOBLE','F',NULL,NULL),(9027,42,'BOLSAS COLOST SIST DOBLE ACOPLAM ADH','F',NULL,NULL),(9028,42,'BOLSAS COLOST SIST DOBLE PLAC','F',NULL,NULL),(9029,42,'BOLSAS COLOST SIST DOBLE PLAC ACOPLAM ADH','F',NULL,NULL),(9030,42,'BOLSAS COLOST SIST DOBLE PLAC C-ESP','F',NULL,NULL),(9031,42,'BOLSAS ILEOST KAR ADH MIC','F',NULL,NULL),(9032,42,'BOLSAS ILEOST RES SINT','F',NULL,NULL),(9033,42,'BOLSAS ILEOST RES SINT ADH MIC','F',NULL,NULL),(9034,42,'BOLSAS ILEOST RES SINT FIL','F',NULL,NULL),(9035,42,'BOLSAS ILEOST RES SINT MIC FIL','F',NULL,NULL),(9036,42,'BOLSAS ILEOST SIST DOBLE ACOPLAM ADH','F',NULL,NULL),(9037,42,'BOLSAS ILEOST SIST DOBLE PLAC','F',NULL,NULL),(9038,42,'BOLSAS ILEOST SIST DOBLE PLAC ACOPLAM ADH','F',NULL,NULL),(9039,42,'BOLSAS ILEOST SIST DOBLE PLAC C-ESP','F',NULL,NULL),(9040,42,'BOLSAS RECOGIDA ORINA','F',NULL,NULL),(9041,42,'BOLSAS RECOGIDA ORINA C-P','F',NULL,NULL),(9042,42,'BOLSAS RECOGIDA ORINA PIENA','F',NULL,NULL),(9043,42,'BOLSAS UROST KAR ADH MIC','F',NULL,NULL),(9044,42,'BOLSAS UROST RES SINT ADH MIC','F',NULL,NULL),(9045,42,'BOLSAS UROST SIST DOBLE PLAC','F',NULL,NULL),(9046,42,'BOLSAS UROST SIST DOBLE PLAC C-ESP','F',NULL,NULL),(9047,42,'BRAGUERO INGUINAL BILATERAL','F',NULL,NULL),(9048,42,'BRAGUERO INGUINAL DERECHO','F',NULL,NULL),(9049,42,'BRAGUERO INGUINAL IZQUIERDO','F',NULL,NULL),(9050,42,'CALCETIN ELASTICO TERAPEUTICO','F',NULL,NULL),(9051,42,'CAMARA INHALACION','F',NULL,NULL),(9052,42,'CANULA LARINGUECTOMIA','F',NULL,NULL),(9053,42,'CANULA TRAQUEOT-LARING SILICONA','F',NULL,NULL),(9054,42,'CANULA TRAQUEOT-LARING SILICONA FENEST','F',NULL,NULL),(9055,42,'CANULA TRAQUEOTOMIA','F',NULL,NULL),(9056,42,'CANULA TRAQUEOTOMIA FENESTRADA','F',NULL,NULL),(9057,42,'CINTURON OSTOMIA','F',NULL,NULL),(9058,42,'CODERA','F',NULL,NULL),(9059,42,'COLECTOR BOLSA RECOG ORINA AADH','F',NULL,NULL),(9060,42,'COLECTOR BOLSA RECOG ORINA C-A','F',NULL,NULL),(9061,42,'COLECTOR BOLSA RECOG ORINA C-T','F',NULL,NULL),(9062,42,'COLECTOR BOLSA RECOG ORINA FEMENINO','F',NULL,NULL),(9063,42,'DEPOSITO IRRIGADOR','F',NULL,NULL),(9064,42,'DUCHA VAGINAL','F',NULL,NULL),(9065,42,'ESPARADRAPO','F',NULL,NULL),(9066,42,'ESPARADRAPO HIPOALERGICO','F',NULL,NULL),(9067,42,'ESPARADRAPO HIPOALERGICO FLEXIBLE','F',NULL,NULL),(9068,42,'FILTROS COLOSTOMIA','F',NULL,NULL),(9069,42,'FILTROS COLOSTOMIA MAGNETICA','F',NULL,NULL),(9070,42,'FILTROS LARINGECTOMIA','F',NULL,NULL),(9071,42,'ESPARADRAPO','F',NULL,NULL),(9072,42,'GASA ALGODON HIDROFILO NO ESTERIL','F',NULL,NULL),(9073,42,'GASA ESTERIL ALGODON HIDROFILO COMPRESAS','F',NULL,NULL),(9074,42,'GASA ESTERIL ALGODON HIDROFILO TIRAS','F',NULL,NULL),(9075,42,'GELIFICADOR BOLSAS ILEOSTOMIA','F',NULL,NULL),(9076,42,'INHALADOR','F',NULL,NULL),(9077,42,'IRRIGADOR COMPLETO','F',NULL,NULL),(9078,42,'MEDIA CORTA (A-D) COMP FUERTE','F',NULL,NULL),(9079,42,'MEDIA E.T. CINT COMP FUERTE','F',NULL,NULL),(9080,42,'MEDIA LARGA (A-F) COMP FUERTE','F',NULL,NULL),(9081,42,'MEDIA LARGA (A-F) COMP FUERTE','F',NULL,NULL),(9082,42,'MEDIA LARGA (A-G) COMP FUERTE','F',NULL,NULL),(9083,42,'MEDIA LARGA SUJ COMP FUERTE','F',NULL,NULL),(9084,42,'Medicamento Generico','F',NULL,NULL),(9085,42,'MUSLERA','F',NULL,NULL),(9086,42,'MUÑEQUERA','F',NULL,NULL),(9087,42,'MUÑEQUERA FERULA','F',NULL,NULL),(9088,42,'MUÑEQUERA METACARPIANA','F',NULL,NULL),(9089,42,'OBTURADOR ANAL','F',NULL,NULL),(9090,42,'OBTURADOR ANAL','F',NULL,NULL),(9091,42,'PARCHES OCULARES','F',NULL,NULL),(9092,42,'PINZAS OSTOMIA','F',NULL,NULL),(9093,42,'PINZAS OSTOMIA','F',NULL,NULL),(9094,42,'PINZAS OSTOMIA','F',NULL,NULL),(9095,42,'PINZAS OSTOMIA','F',NULL,NULL),(9096,42,'RODILLERA','F',NULL,NULL),(9097,42,'SIST COLOST CONTINENTE AADH','F',NULL,NULL),(9098,42,'SIST INC ORINA OCLUSIVO HOMBRE','F',NULL,NULL),(9099,42,'SIST IRRIG COLOST','F',NULL,NULL),(9100,42,'SONDA GASTRICA','F',NULL,NULL),(9101,42,'SONDA RECTAL','F',NULL,NULL),(9102,42,'SONDA VESICAL BAJA FRICCION','F',NULL,NULL),(9103,42,'SONDA VESICAL BAJA FRICCION CON BOLSA RECOG ORINA','F',NULL,NULL),(9104,42,'SONDA VESICAL LATEX','F',NULL,NULL),(9105,42,'SONDA VESICAL NELATON','F',NULL,NULL),(9106,42,'SONDA VESICAL SILICONA','F',NULL,NULL),(9107,42,'SUSPENSORIO','F',NULL,NULL),(9108,42,'TOBILLERA','F',NULL,NULL),(9109,42,'VENDA DE GASA ELASTICA','F',NULL,NULL),(9110,42,'VENDA DE GASA HIDROFILA','F',NULL,NULL),(9111,42,'VENDA DE GASA HIDROFILA CAMBRIC','F',NULL,NULL),(9112,42,'VENDA DE MALLA HIDROFILA','F',NULL,NULL),(9113,42,'VENDA DE MALLA HIDROFILA CAMBRIC','F',NULL,NULL),(9114,42,'VENDA ELASTICA','F',NULL,NULL),(9115,42,'VENDA ELASTICA COHESIVA','F',NULL,NULL),(9120,43,'PLACAS INTABUCALES (POR PLACA)','PD',NULL,NULL),(9121,43,'EXODONCIA QUIRURGICA. EXTRACCION PIEZA DENTARIA CON SUTURA','AC',NULL,NULL),(9122,43,'EXODONCIA. EXTRACCION PIEZA DENTARIA','AC',NULL,NULL),(9123,43,'PERIODONCIA : RASPADO Y CURETAJE (POR CUADRANTE)','AC',NULL,NULL);
/*!40000 ALTER TABLE `actos` ENABLE KEYS */;
UNLOCK TABLES;

--
-- Table structure for table `baremo`
--

DROP TABLE IF EXISTS `baremo`;
/*!40101 SET @saved_cs_client     = @@character_set_client */;
/*!40101 SET character_set_client = utf8 */;
CREATE TABLE `baremo` (
  `idbaremo` int(11) NOT NULL AUTO_INCREMENT,
  `codprov` int(11) NOT NULL,
  `codacto` int(11) NOT NULL,
  `codespecialidad` int(11) DEFAULT NULL,
  `importe` decimal(10,2) DEFAULT NULL,
  PRIMARY KEY (`idbaremo`),
  KEY `fk_baremo_1_idx` (`codacto`,`codespecialidad`),
  KEY `fk_baremo_2_idx` (`codprov`),
  CONSTRAINT `fk_baremo_1` FOREIGN KEY (`codacto`, `codespecialidad`) REFERENCES `actos` (`codactos`, `codespecialidad`) ON DELETE NO ACTION ON UPDATE NO ACTION,
  CONSTRAINT `fk_baremo_2` FOREIGN KEY (`codprov`) REFERENCES `proveedores` (`idproveedores`) ON DELETE NO ACTION ON UPDATE NO ACTION
) ENGINE=InnoDB AUTO_INCREMENT=19 DEFAULT CHARSET=latin1;
/*!40101 SET character_set_client = @saved_cs_client */;

--
-- Dumping data for table `baremo`
--

LOCK TABLES `baremo` WRITE;
/*!40000 ALTER TABLE `baremo` DISABLE KEYS */;
INSERT INTO `baremo` VALUES (1,2,1,1,2.00),(2,2,2,1,4.00),(3,2,3,1,7.00),(4,3,1,1,2.00),(5,3,2,1,4.00),(6,3,2,2,7.00),(7,5,1,1,2.00),(8,5,2,1,4.00),(9,5,2,2,7.00),(10,6,1,1,2.00),(11,6,2,1,4.00),(12,6,2,2,7.00),(13,7,1,43,2.00),(14,7,2,43,4.00),(15,7,3,43,15.00),(16,8,1,44,25.00),(17,10,1,44,50.00),(18,11,2724,2,48.66);
/*!40000 ALTER TABLE `baremo` ENABLE KEYS */;
UNLOCK TABLES;

--
-- Table structure for table `baremohosp`
--

DROP TABLE IF EXISTS `baremohosp`;
/*!40101 SET @saved_cs_client     = @@character_set_client */;
/*!40101 SET character_set_client = utf8 */;
CREATE TABLE `baremohosp` (
  `idbaremohosp` int(11) NOT NULL AUTO_INCREMENT,
  `codprov` int(11) DEFAULT NULL,
  `codacto` int(11) DEFAULT NULL,
  `codespecialidad` int(11) DEFAULT NULL,
  `importe` decimal(10,2) DEFAULT NULL,
  PRIMARY KEY (`idbaremohosp`),
  KEY `fk_baremohosp_1_idx` (`codacto`,`codespecialidad`),
  KEY `fk_baremohosp_2_idx` (`codprov`),
  CONSTRAINT `fk_baremohosp_1` FOREIGN KEY (`codacto`, `codespecialidad`) REFERENCES `actos` (`codactos`, `codespecialidad`) ON DELETE NO ACTION ON UPDATE NO ACTION,
  CONSTRAINT `fk_baremohosp_2` FOREIGN KEY (`codprov`) REFERENCES `proveedores` (`idproveedores`) ON DELETE NO ACTION ON UPDATE NO ACTION
) ENGINE=InnoDB DEFAULT CHARSET=latin1;
/*!40101 SET character_set_client = @saved_cs_client */;

--
-- Dumping data for table `baremohosp`
--

LOCK TABLES `baremohosp` WRITE;
/*!40000 ALTER TABLE `baremohosp` DISABLE KEYS */;
/*!40000 ALTER TABLE `baremohosp` ENABLE KEYS */;
UNLOCK TABLES;

--
-- Table structure for table `clientes`
--

DROP TABLE IF EXISTS `clientes`;
/*!40101 SET @saved_cs_client     = @@character_set_client */;
/*!40101 SET character_set_client = utf8 */;
CREATE TABLE `clientes` (
  `idclientes` int(11) NOT NULL AUTO_INCREMENT,
  `nif` varchar(45) NOT NULL,
  `nombre` varchar(45) DEFAULT NULL,
  `apellidos` varchar(200) DEFAULT NULL,
  `domicilio` varchar(200) NOT NULL,
  `codpostal` varchar(6) DEFAULT NULL,
  `provincia` varchar(100) DEFAULT NULL,
  `poblacion` varchar(100) DEFAULT NULL,
  `fechanac` date DEFAULT NULL,
  `denominacion` varchar(100) DEFAULT NULL,
  `preexistencia` varchar(1) DEFAULT NULL,
  PRIMARY KEY (`idclientes`)
) ENGINE=InnoDB AUTO_INCREMENT=366 DEFAULT CHARSET=latin1;
/*!40101 SET character_set_client = @saved_cs_client */;

--
-- Dumping data for table `clientes`
--

LOCK TABLES `clientes` WRITE;
/*!40000 ALTER TABLE `clientes` DISABLE KEYS */;
INSERT INTO `clientes` VALUES (1,'55953457E','JUAN','ROMERO','RUIZ','41000','SEVILLA','SEVILLA','1964-07-02',NULL,NULL),(2,'8621467M','JUAN','ROMERO','DACAL','28000','MADRID','MADRID','1987-07-02',NULL,NULL),(3,'46987622R','PEDRO','DACAL','JIMENEZ','50000','ZARAGOZA','ZARAGOZA','1982-07-01',NULL,NULL),(4,'22793720P','MANUEL','JIMENEZ','ROMERO','08000','BARCELONA','BARCELONA','1990-07-01',NULL,NULL),(5,'72344259B','PEDRO','LOPEZ','ROMERO','08000','BARCELONA','BARCELONA','1988-07-02',NULL,NULL),(6,'67091575R','SANDRA','ROMERO','RUIZ','28000','MADRID','MADRID','1968-07-02',NULL,NULL),(7,'35554268U','PEDRO','GUTIERREZ','LOPEZ','41000','SEVILLA','SEVILLA','1993-07-02',NULL,NULL),(8,'54985520E','MANUEL','GUTIERREZ','DACAL','08000','BARCELONA','BARCELONA','1974-07-02',NULL,NULL),(9,'81280086K','NURIA','LOPEZ','MARTINEZ','08000','BARCELONA','BARCELONA','1992-07-02',NULL,NULL),(10,'5273150Y','NURIA','DACAL','LOPEZ','08000','BARCELONA','BARCELONA','1975-07-02',NULL,NULL),(11,'84056606Q','ANA','LOPEZ','LOPEZ','28000','MADRID','MADRID','1964-07-02',NULL,NULL),(12,'39368442K','ALMUDENA','DACAL','ROMERO','28000','MADRID','MADRID','1977-07-02',NULL,NULL),(13,'17528745G','ANA','RUIZ','GUTIERREZ','41000','SEVILLA','SEVILLA','1977-07-02',NULL,NULL),(14,'14478459J','IGNACIO','LOPEZ','MARTINEZ','28000','MADRID','MADRID','1973-07-02',NULL,NULL),(15,'66495312C','SANDRA','MARTINEZ','RUIZ','08000','BARCELONA','BARCELONA','1963-07-02',NULL,NULL),(16,'84215929M','PEDRO','MARTINEZ','LOPEZ','28000','MADRID','MADRID','1959-07-02',NULL,NULL),(17,'41012714H','JUAN','LOPEZ','RUIZ','08000','BARCELONA','BARCELONA','1956-07-02',NULL,NULL),(18,'15422990Q','ALMUDENA','DACAL','DACAL','08000','BARCELONA','BARCELONA','1965-07-02',NULL,NULL),(19,'22770829P','IGNACIO','DACAL','GUTIERREZ','28000','MADRID','MADRID','1977-07-02',NULL,NULL),(20,'17327279H','PEDRO','GARCIA','ROMERO','41000','SEVILLA','SEVILLA','1981-07-02',NULL,NULL),(21,'36818317N','SANDRA','RUIZ','JIMENEZ','08000','BARCELONA','BARCELONA','1973-07-02',NULL,NULL),(22,'45498654V','ALMUDENA','GARCIA','MARTINEZ','08000','BARCELONA','BARCELONA','1984-07-02',NULL,NULL),(23,'35153053S','SANDRA','MARTINEZ','JIMENEZ','41000','SEVILLA','SEVILLA','1972-07-02',NULL,NULL),(24,'4464953M','MANUEL','RUIZ','MARTINEZ','08000','BARCELONA','BARCELONA','1984-07-02',NULL,NULL),(25,'4310139B','JUAN','ROMERO','LOPEZ','28000','MADRID','MADRID','1989-07-02',NULL,NULL),(26,'86499996J','JUAN','LOPEZ','JIMENEZ','08000','BARCELONA','BARCELONA','1985-07-02',NULL,NULL),(27,'54144430P','IGNACIO','DACAL','MARTINEZ','08000','BARCELONA','BARCELONA','1984-07-02',NULL,NULL),(28,'84399234E','MANUEL','GARCIA','DACAL','50000','ZARAGOZA','ZARAGOZA','1963-07-02',NULL,NULL),(29,'18695785U','NURIA','MARTINEZ','DACAL','50000','ZARAGOZA','ZARAGOZA','1990-07-02',NULL,NULL),(30,'81257730P','SANDRA','GARCIA','MARTINEZ',NULL,NULL,NULL,'1984-07-02',NULL,NULL),(31,'61418468G','SANDRA','MARTINEZ','LOPEZ','28000','MADRID','MADRID','1964-07-02',NULL,NULL),(32,'92745855T','JUAN','MARTINEZ','MARTINEZ','41000','SEVILLA','SEVILLA','1973-07-02',NULL,NULL),(33,'16974924O','IGNACIO','ROMERO','RUIZ','41000','SEVILLA','SEVILLA','1989-07-02',NULL,NULL),(34,'39398420M','JUAN','GUTIERREZ','GARCIA','08000','BARCELONA','BARCELONA','1992-07-02',NULL,NULL),(35,'45539310H','PEDRO','ROMERO','MARTINEZ','50000','ZARAGOZA','ZARAGOZA','1963-07-02',NULL,NULL),(36,'5034062G','JUAN','JIMENEZ','ROMERO','08000','BARCELONA','BARCELONA','1972-07-02',NULL,NULL),(37,'88988130P','IGNACIO','DACAL','JIMENEZ',NULL,NULL,NULL,'1992-07-02',NULL,NULL),(38,'49243404D','JUAN','GUTIERREZ','LOPEZ','41000','SEVILLA','SEVILLA','1970-07-02',NULL,NULL),(39,'74697011C','JUAN','GUTIERREZ','DACAL','41000','SEVILLA','SEVILLA','1973-07-02',NULL,NULL),(40,'78897601E','SANDRA','RUIZ','GUTIERREZ','41000','SEVILLA','SEVILLA','1980-07-02',NULL,NULL),(41,'51961389F','SANDRA','GARCIA','JIMENEZ',NULL,NULL,NULL,'1986-07-02',NULL,NULL),(42,'15964245P','SANDRA','JIMENEZ','RUIZ','08000','BARCELONA','BARCELONA','1980-07-02',NULL,NULL),(43,'86687912C','ANA','JIMENEZ','GARCIA','28000','MADRID','MADRID','1972-07-02',NULL,NULL),(44,'73262101T','NURIA','LOPEZ','GARCIA','08000','BARCELONA','BARCELONA','1977-07-02',NULL,NULL),(45,'68938930Q','JUAN','JIMENEZ','JIMENEZ','41000','SEVILLA','SEVILLA','1991-07-02',NULL,NULL),(46,'12119378S','MANUEL','DACAL','RUIZ','41000','SEVILLA','SEVILLA','1980-07-02',NULL,NULL),(47,'2706132X','NURIA','DACAL','LOPEZ','28000','MADRID','MADRID','1978-07-02',NULL,NULL),(48,'73270929R','MANUEL','ROMERO','GUTIERREZ',NULL,NULL,NULL,'1985-07-02',NULL,NULL),(49,'36648243T','ANA','ROMERO','ROMERO',NULL,NULL,NULL,'1993-07-02',NULL,NULL),(50,'94527024M','NURIA','GARCIA','LOPEZ','08000','BARCELONA','BARCELONA','1966-07-02',NULL,NULL),(51,'1388148J','ALMUDENA','RUIZ','GARCIA','41000','SEVILLA','SEVILLA','1985-07-02',NULL,NULL),(52,'93617801P','IGNACIO','JIMENEZ','MARTINEZ','50000','ZARAGOZA','ZARAGOZA','1970-07-02',NULL,NULL),(53,'39415728D','IGNACIO','GARCIA','MARTINEZ','41000','SEVILLA','SEVILLA','1987-07-02',NULL,NULL),(54,'56925673P','MANUEL','JIMENEZ','ROMERO','08000','BARCELONA','BARCELONA','1993-07-02',NULL,NULL),(55,'81760469C','ALMUDENA','ROMERO','LOPEZ','08000','BARCELONA','BARCELONA','1956-07-02',NULL,NULL),(56,'43010690C','MANUEL','GARCIA','RUIZ','28000','MADRID','MADRID','1984-07-02',NULL,NULL),(57,'13589858P','NURIA','GUTIERREZ','JIMENEZ','41000','SEVILLA','SEVILLA','1991-07-02',NULL,NULL),(58,'78238549L','ALMUDENA','DACAL','DACAL',NULL,NULL,NULL,'1972-07-02',NULL,NULL),(59,'70604344N','NURIA','ROMERO','GUTIERREZ','28000','MADRID','MADRID','1977-07-02',NULL,NULL),(60,'823442H','SANDRA','GUTIERREZ','ROMERO','08000','BARCELONA','BARCELONA','1975-07-02',NULL,NULL),(61,'21547846B','NURIA','DACAL','GUTIERREZ','28000','MADRID','MADRID','1962-07-02',NULL,NULL),(62,'36345752M','IGNACIO','GUTIERREZ','DACAL',NULL,NULL,NULL,'1967-07-02',NULL,NULL),(63,'17610103L','NURIA','GARCIA','DACAL','28000','MADRID','MADRID','1967-07-02',NULL,NULL),(64,'83152385N','MANUEL','MARTINEZ','GUTIERREZ',NULL,NULL,NULL,'1956-07-02',NULL,NULL),(65,'12887424Q','ANA','DACAL','DACAL','41000','SEVILLA','SEVILLA','1962-07-02',NULL,NULL),(66,'31221594A','JUAN','JIMENEZ','GARCIA','28000','MADRID','MADRID','1969-07-02',NULL,NULL),(67,'94686731M','ANA','LOPEZ','GUTIERREZ',NULL,NULL,NULL,'1977-07-02',NULL,NULL),(68,'24044846X','PEDRO','LOPEZ','GARCIA','28000','MADRID','MADRID','1978-07-02',NULL,NULL),(69,'31705097P','JUAN','GUTIERREZ','ROMERO',NULL,NULL,NULL,'1971-07-02',NULL,NULL),(70,'83940258G','NURIA','JIMENEZ','DACAL','08000','BARCELONA','BARCELONA','1987-07-02',NULL,NULL),(71,'25088215S','ANA','LOPEZ','LOPEZ','28000','MADRID','MADRID','1978-07-02',NULL,NULL),(72,'83901697T','MANUEL','ROMERO','ROMERO','41000','SEVILLA','SEVILLA','1994-07-02',NULL,NULL),(73,'98628994C','IGNACIO','LOPEZ','DACAL','28000','MADRID','MADRID','1961-07-02',NULL,NULL),(74,'39120710X','IGNACIO','MARTINEZ','GUTIERREZ','08000','BARCELONA','BARCELONA','1987-07-02',NULL,NULL),(75,'89187801E','JUAN','LOPEZ','RUIZ','41000','SEVILLA','SEVILLA','1983-07-02',NULL,NULL),(76,'99568525Q','IGNACIO','GARCIA','GUTIERREZ','08000','BARCELONA','BARCELONA','1991-07-02',NULL,NULL),(77,'34173497K','PEDRO','LOPEZ','GUTIERREZ','28000','MADRID','MADRID','1976-07-02',NULL,NULL),(78,'84805294T','IGNACIO','MARTINEZ','GARCIA','41000','SEVILLA','SEVILLA','1992-07-02',NULL,NULL),(79,'78165876S','MANUEL','RUIZ','GUTIERREZ','28000','MADRID','MADRID','1986-07-02',NULL,NULL),(80,'56554425B','NURIA','LOPEZ','GARCIA','50000','ZARAGOZA','ZARAGOZA','1964-07-02',NULL,NULL),(81,'54287714M','ALMUDENA','LOPEZ','JIMENEZ','50000','ZARAGOZA','ZARAGOZA','1985-07-02',NULL,NULL),(82,'52795270D','PEDRO','JIMENEZ','RUIZ','28000','MADRID','MADRID','1991-07-02',NULL,NULL),(83,'69162949D','SANDRA','DACAL','RUIZ','08000','BARCELONA','BARCELONA','1973-07-02',NULL,NULL),(84,'60474288Q','IGNACIO','DACAL','GUTIERREZ',NULL,NULL,NULL,'1974-07-02',NULL,NULL),(85,'30624750T','PEDRO','JIMENEZ','DACAL','08000','BARCELONA','BARCELONA','1981-07-02',NULL,NULL),(86,'15326926T','IGNACIO','GUTIERREZ','JIMENEZ','08000','BARCELONA','BARCELONA','1980-07-02',NULL,NULL),(87,'91043764I','ALMUDENA','DACAL','DACAL',NULL,NULL,NULL,'1995-07-02',NULL,NULL),(88,'62237251L','IGNACIO','GUTIERREZ','GUTIERREZ',NULL,NULL,NULL,'1974-07-02',NULL,NULL),(89,'24232365E','JUAN','ROMERO','LOPEZ','08000','BARCELONA','BARCELONA','1985-07-02',NULL,NULL),(90,'72788300B','PEDRO','JIMENEZ','JIMENEZ','50000','ZARAGOZA','ZARAGOZA','1972-07-02',NULL,NULL),(91,'74393135O','NURIA','DACAL','DACAL','08000','BARCELONA','BARCELONA','1968-07-02',NULL,NULL),(92,'52432722Q','NURIA','MARTINEZ','RUIZ','41000','SEVILLA','SEVILLA','1978-07-02',NULL,NULL),(93,'83682559R','ALMUDENA','DACAL','DACAL','08000','BARCELONA','BARCELONA','1962-07-01',NULL,NULL),(94,'59220395N','ALMUDENA','GUTIERREZ','ROMERO',NULL,NULL,NULL,'1995-07-02',NULL,NULL),(95,'84575939C','ANA','GARCIA','JIMENEZ',NULL,NULL,NULL,'1987-07-02',NULL,NULL),(96,'63252531Y','PEDRO','DACAL','MARTINEZ','28000','MADRID','MADRID','1977-07-02',NULL,NULL),(97,'68535157S','NURIA','GARCIA','RUIZ',NULL,NULL,NULL,'1970-07-02',NULL,NULL),(98,'41344152X','IGNACIO','LOPEZ','ROMERO','28000','MADRID','MADRID','1982-07-02',NULL,NULL),(99,'23465215S','ALMUDENA','MARTINEZ','DACAL',NULL,NULL,NULL,'1979-07-02',NULL,NULL),(100,'13477982M','JUAN','DACAL','DACAL','28000','MADRID','MADRID','1987-07-02',NULL,NULL),(101,'12939806A','NURIA','LOPEZ','JIMENEZ','28000','MADRID','MADRID','1957-07-02',NULL,NULL),(102,'54800070J','JUAN','GUTIERREZ','DACAL','08000','BARCELONA','BARCELONA','1996-07-02',NULL,NULL),(103,'36934379N','SANDRA','DACAL','LOPEZ','08000','BARCELONA','BARCELONA','1965-07-02',NULL,NULL),(104,'96923146T','PEDRO','JIMENEZ','RUIZ','08000','BARCELONA','BARCELONA','1992-07-02',NULL,NULL),(105,'81691669L','ANA','GUTIERREZ','GUTIERREZ','08000','BARCELONA','BARCELONA','1981-07-02',NULL,NULL),(106,'94254727P','JUAN','DACAL','LOPEZ','41000','SEVILLA','SEVILLA','1959-07-01',NULL,NULL),(107,'20586052W','ANA','MARTINEZ','MARTINEZ','41000','SEVILLA','SEVILLA','1981-07-02',NULL,NULL),(108,'64646818U','PEDRO','GARCIA','JIMENEZ','28000','MADRID','MADRID','1965-07-02',NULL,NULL),(109,'81960228P','NURIA','RUIZ','ROMERO','41000','SEVILLA','SEVILLA','1991-07-02',NULL,NULL),(110,'88091686K','SANDRA','DACAL','RUIZ','08000','BARCELONA','BARCELONA','1984-07-02',NULL,NULL),(111,'66198692M','SANDRA','RUIZ','GUTIERREZ','28000','MADRID','MADRID','1956-07-02',NULL,NULL),(112,'70618875F','ALMUDENA','LOPEZ','GARCIA','50000','ZARAGOZA','ZARAGOZA','1963-07-02',NULL,NULL),(113,'60597218N','ANA','DACAL','ROMERO','08000','BARCELONA','BARCELONA','1959-07-02',NULL,NULL),(114,'42818945T','SANDRA','ROMERO','LOPEZ','08000','BARCELONA','BARCELONA','1994-07-02',NULL,NULL),(115,'20935250G','ANA','JIMENEZ','ROMERO',NULL,NULL,NULL,'1964-07-02',NULL,NULL),(116,'24158426U','IGNACIO','MARTINEZ','LOPEZ',NULL,NULL,NULL,'1972-07-02',NULL,NULL),(117,'14801969X','MANUEL','MARTINEZ','RUIZ','41000','SEVILLA','SEVILLA','1974-07-02',NULL,NULL),(118,'38414263H','MANUEL','MARTINEZ','RUIZ','41000','SEVILLA','SEVILLA','1970-07-02',NULL,NULL),(119,'10884231G','PEDRO','DACAL','GARCIA','08000','BARCELONA','BARCELONA','1959-07-02',NULL,NULL),(120,'97375513E','ALMUDENA','DACAL','GARCIA','28000','MADRID','MADRID','1986-07-02',NULL,NULL),(121,'51211799L','NURIA','LOPEZ','JIMENEZ','28000','MADRID','MADRID','1959-07-02',NULL,NULL),(122,'25198030E','JUAN','DACAL','MARTINEZ','28000','MADRID','MADRID','1989-07-02',NULL,NULL),(123,'56840316P','IGNACIO','RUIZ','JIMENEZ','28000','MADRID','MADRID','1990-07-02',NULL,NULL),(124,'44720569R','MANUEL','GARCIA','GUTIERREZ','28000','MADRID','MADRID','1966-07-02',NULL,NULL),(125,'23238649K','IGNACIO','MARTINEZ','DACAL','41000','SEVILLA','SEVILLA','1961-07-02',NULL,NULL),(126,'66810515U','PEDRO','JIMENEZ','ROMERO','08000','BARCELONA','BARCELONA','1959-07-02',NULL,NULL),(127,'96656402U','PEDRO','LOPEZ','RUIZ','08000','BARCELONA','BARCELONA','1978-07-02',NULL,NULL),(128,'27232831O','JUAN','GARCIA','MARTINEZ','08000','BARCELONA','BARCELONA','1988-07-02',NULL,NULL),(129,'21118524S','PEDRO','RUIZ','DACAL','08000','BARCELONA','BARCELONA','1961-07-02',NULL,NULL),(130,'9056288J','SANDRA','JIMENEZ','GUTIERREZ','50000','ZARAGOZA','ZARAGOZA','1991-07-02',NULL,NULL),(131,'56292120P','MANUEL','GUTIERREZ','LOPEZ','50000','ZARAGOZA','ZARAGOZA','1983-07-02',NULL,NULL),(132,'52507611G','NURIA','ROMERO','MARTINEZ','28000','MADRID','MADRID','1963-07-01',NULL,NULL),(133,'8736534N','IGNACIO','MARTINEZ','JIMENEZ',NULL,NULL,NULL,'1967-07-02',NULL,NULL),(134,'25855709N','ANA','MARTINEZ','JIMENEZ','08000','BARCELONA','BARCELONA','1970-07-02',NULL,NULL),(135,'43152618R','JUAN','GUTIERREZ','RUIZ',NULL,NULL,NULL,'1980-07-01',NULL,NULL),(136,'84758410F','SANDRA','GARCIA','GUTIERREZ','08000','BARCELONA','BARCELONA','1963-07-02',NULL,NULL),(137,'89917610K','IGNACIO','JIMENEZ','ROMERO','41000','SEVILLA','SEVILLA','1995-07-02',NULL,NULL),(138,'96064389E','PEDRO','ROMERO','GUTIERREZ','08000','BARCELONA','BARCELONA','1992-07-02',NULL,NULL),(139,'66098289J','ALMUDENA','GUTIERREZ','GUTIERREZ','41000','SEVILLA','SEVILLA','1960-07-01',NULL,NULL),(140,'96813194R','NURIA','RUIZ','RUIZ','28000','MADRID','MADRID','1973-07-02',NULL,NULL),(141,'36895892X','SANDRA','GUTIERREZ','RUIZ','28000','MADRID','MADRID','1986-07-02',NULL,NULL),(142,'90409254M','ANA','GUTIERREZ','LOPEZ','28000','MADRID','MADRID','1961-07-02',NULL,NULL),(143,'24376041K','MANUEL','LOPEZ','LOPEZ','08000','BARCELONA','BARCELONA','1995-07-02',NULL,NULL),(144,'70668687R','IGNACIO','JIMENEZ','LOPEZ','28000','MADRID','MADRID','1982-07-02',NULL,NULL),(145,'36820262L','JUAN','MARTINEZ','JIMENEZ','41000','SEVILLA','SEVILLA','1985-07-02',NULL,NULL),(146,'49662737T','IGNACIO','MARTINEZ','RUIZ','41000','SEVILLA','SEVILLA','1976-07-02',NULL,NULL),(147,'90455773F','IGNACIO','ROMERO','ROMERO','28000','MADRID','MADRID','1989-07-02',NULL,NULL),(148,'97962136F','JUAN','GARCIA','GARCIA','41000','SEVILLA','SEVILLA','1986-07-02',NULL,NULL),(149,'15445931H','PEDRO','MARTINEZ','GUTIERREZ','08000','BARCELONA','BARCELONA','1982-07-02',NULL,NULL),(150,'49301399B','ALMUDENA','RUIZ','ROMERO','41000','SEVILLA','SEVILLA','1983-07-02',NULL,NULL),(151,'90393883D','ALMUDENA','RUIZ','MARTINEZ','28000','MADRID','MADRID','1971-07-01',NULL,NULL),(152,'8818871B','ALMUDENA','GUTIERREZ','GARCIA','41000','SEVILLA','SEVILLA','1960-07-02',NULL,NULL),(153,'25406642C','ANA','MARTINEZ','GARCIA','08000','BARCELONA','BARCELONA','1991-07-02',NULL,NULL),(154,'35392468R','IGNACIO','LOPEZ','DACAL','28000','MADRID','MADRID','1959-07-02',NULL,NULL),(155,'13636291H','ALMUDENA','LOPEZ','MARTINEZ','28000','MADRID','MADRID','1957-07-02',NULL,NULL),(156,'50081513K','SANDRA','RUIZ','GARCIA','08000','BARCELONA','BARCELONA','1981-07-02',NULL,NULL),(157,'31870435R','SANDRA','JIMENEZ','GUTIERREZ','08000','BARCELONA','BARCELONA','1994-07-01',NULL,NULL),(158,'89019383G','SANDRA','GARCIA','GUTIERREZ','41000','SEVILLA','SEVILLA','1969-07-01',NULL,NULL),(159,'16130935U','NURIA','GUTIERREZ','RUIZ','28000','MADRID','MADRID','1992-07-02',NULL,NULL),(160,'30030196H','SANDRA','GARCIA','DACAL','50000','ZARAGOZA','ZARAGOZA','1985-07-01',NULL,NULL),(161,'12256781X','MANUEL','ROMERO','LOPEZ',NULL,NULL,NULL,'1992-07-02',NULL,NULL),(162,'96036879S','ANA','GUTIERREZ','MARTINEZ','41000','SEVILLA','SEVILLA','1961-07-02',NULL,NULL),(163,'89210592J','JUAN','GUTIERREZ','ROMERO','41000','SEVILLA','SEVILLA','1982-07-02',NULL,NULL),(164,'14986703V','ANA','RUIZ','LOPEZ','41000','SEVILLA','SEVILLA','1994-07-02',NULL,NULL),(165,'63225808B','IGNACIO','LOPEZ','ROMERO','28000','MADRID','MADRID','1956-07-02',NULL,NULL),(166,'31941395T','ALMUDENA','LOPEZ','GARCIA','08000','BARCELONA','BARCELONA','1962-07-02',NULL,NULL),(167,'61158492Y','PEDRO','DACAL','GARCIA','08000','BARCELONA','BARCELONA','1965-07-02',NULL,NULL),(168,'23978756O','JUAN','RUIZ','GUTIERREZ','41000','SEVILLA','SEVILLA','1993-07-02',NULL,NULL),(169,'19824712D','PEDRO','LOPEZ','DACAL','50000','ZARAGOZA','ZARAGOZA','1974-07-02',NULL,NULL),(170,'99153150Q','JUAN','RUIZ','ROMERO','50000','ZARAGOZA','ZARAGOZA','1986-07-02',NULL,NULL),(171,'81128860S','MANUEL','GARCIA','MARTINEZ','28000','MADRID','MADRID','1988-07-02',NULL,NULL),(172,'7403917B','PEDRO','LOPEZ','ROMERO',NULL,NULL,NULL,'1989-07-02',NULL,NULL),(173,'31773912K','JUAN','DACAL','MARTINEZ','41000','SEVILLA','SEVILLA','1983-07-02',NULL,NULL),(174,'26612116F','IGNACIO','RUIZ','LOPEZ','28000','MADRID','MADRID','1992-07-01',NULL,NULL),(175,'69308796W','IGNACIO','LOPEZ','JIMENEZ','08000','BARCELONA','BARCELONA','1962-07-02',NULL,NULL),(176,'65907217Q','IGNACIO','GARCIA','JIMENEZ','28000','MADRID','MADRID','1966-07-02',NULL,NULL),(177,'1118853J','ANA','JIMENEZ','LOPEZ','28000','MADRID','MADRID','1958-07-02',NULL,NULL),(178,'99222508J','ALMUDENA','GUTIERREZ','JIMENEZ','41000','SEVILLA','SEVILLA','1992-07-02',NULL,NULL),(179,'30887550N','NURIA','GUTIERREZ','LOPEZ','08000','BARCELONA','BARCELONA','1976-07-02',NULL,NULL),(180,'49293107Y','SANDRA','ROMERO','RUIZ','50000','ZARAGOZA','ZARAGOZA','1992-07-02',NULL,NULL),(181,'87624453Q','NURIA','RUIZ','DACAL','08000','BARCELONA','BARCELONA','1975-07-02',NULL,NULL),(182,'8708907I','IGNACIO','RUIZ','JIMENEZ','41000','SEVILLA','SEVILLA','1958-07-02',NULL,NULL),(183,'57768610K','MANUEL','RUIZ','GUTIERREZ','50000','ZARAGOZA','ZARAGOZA','1992-07-02',NULL,NULL),(184,'22145055G','NURIA','DACAL','LOPEZ',NULL,NULL,NULL,'1963-07-02',NULL,NULL),(185,'40709966Q','ALMUDENA','GARCIA','RUIZ','50000','ZARAGOZA','ZARAGOZA','1984-07-02',NULL,NULL),(186,'9836928X','MANUEL','JIMENEZ','MARTINEZ','08000','BARCELONA','BARCELONA','1970-07-02',NULL,NULL),(187,'26653672I','ALMUDENA','GUTIERREZ','LOPEZ','50000','ZARAGOZA','ZARAGOZA','1970-07-02',NULL,NULL),(188,'26190463C','NURIA','LOPEZ','JIMENEZ','41000','SEVILLA','SEVILLA','1989-07-01',NULL,NULL),(189,'18653115W','ALMUDENA','JIMENEZ','JIMENEZ','41000','SEVILLA','SEVILLA','1957-07-01',NULL,NULL),(190,'7300469Q','JUAN','MARTINEZ','GARCIA','28000','MADRID','MADRID','1989-07-02',NULL,NULL),(191,'45389140K','ANA','MARTINEZ','JIMENEZ','28000','MADRID','MADRID','1958-07-02',NULL,NULL),(192,'51774607E','MANUEL','LOPEZ','GUTIERREZ','50000','ZARAGOZA','ZARAGOZA','1976-07-02',NULL,NULL),(193,'30346512O','ALMUDENA','GARCIA','ROMERO','08000','BARCELONA','BARCELONA','1972-07-02',NULL,NULL),(194,'22294577B','NURIA','GARCIA','RUIZ','41000','SEVILLA','SEVILLA','1984-07-02',NULL,NULL),(195,'50893779Q','ANA','JIMENEZ','ROMERO','08000','BARCELONA','BARCELONA','1961-07-02',NULL,NULL),(196,'93006923T','JUAN','DACAL','ROMERO','28000','MADRID','MADRID','1964-07-02',NULL,NULL),(197,'4498509X','SANDRA','LOPEZ','JIMENEZ','28000','MADRID','MADRID','1993-07-02',NULL,NULL),(198,'42742296G','PEDRO','ROMERO','DACAL','08000','BARCELONA','BARCELONA','1977-07-02',NULL,NULL),(199,'65063190S','NURIA','RUIZ','ROMERO','41000','SEVILLA','SEVILLA','1964-07-02',NULL,NULL),(200,'22226844M','ANA','DACAL','MARTINEZ','08000','BARCELONA','BARCELONA','1981-07-02',NULL,NULL),(201,'75926518V','PEDRO','GUTIERREZ','JIMENEZ','41000','SEVILLA','SEVILLA','1987-07-02',NULL,NULL),(202,'60679684I','ANA','RUIZ','GUTIERREZ','28000','MADRID','MADRID','1981-07-02',NULL,NULL),(203,'36796893Q','JUAN','GARCIA','MARTINEZ','28000','MADRID','MADRID','1987-07-02',NULL,NULL),(204,'43884318G','ALMUDENA','JIMENEZ','GARCIA','28000','MADRID','MADRID','1974-07-02',NULL,NULL),(205,'34475556Y','ALMUDENA','GUTIERREZ','GARCIA',NULL,NULL,NULL,'1959-07-02',NULL,NULL),(206,'84230260F','NURIA','MARTINEZ','LOPEZ','28000','MADRID','MADRID','1962-07-02',NULL,NULL),(207,'30858573C','SANDRA','ROMERO','JIMENEZ','41000','SEVILLA','SEVILLA','1960-07-02',NULL,NULL),(208,'9234082N','IGNACIO','GUTIERREZ','MARTINEZ','08000','BARCELONA','BARCELONA','1968-07-02',NULL,NULL),(209,'11571137A','NURIA','RUIZ','DACAL','41000','SEVILLA','SEVILLA','1980-07-02',NULL,NULL),(210,'22110593D','PEDRO','MARTINEZ','DACAL','41000','SEVILLA','SEVILLA','1994-07-01',NULL,NULL),(211,'71711925S','SANDRA','DACAL','DACAL','41000','SEVILLA','SEVILLA','1963-07-02',NULL,NULL),(212,'70602480X','NURIA','RUIZ','JIMENEZ','08000','BARCELONA','BARCELONA','1984-07-01',NULL,NULL),(213,'84430284F','SANDRA','JIMENEZ','GARCIA','28000','MADRID','MADRID','1984-07-02',NULL,NULL),(214,'24113822W','ANA','RUIZ','LOPEZ','41000','SEVILLA','SEVILLA','1989-07-02',NULL,NULL),(215,'46182871G','ALMUDENA','GARCIA','LOPEZ','08000','BARCELONA','BARCELONA','1967-07-02',NULL,NULL),(216,'27495211W','ANA','GARCIA','LOPEZ','41000','SEVILLA','SEVILLA','1961-07-02',NULL,NULL),(217,'73927292C','MANUEL','JIMENEZ','LOPEZ','08000','BARCELONA','BARCELONA','1994-07-02',NULL,NULL),(218,'27673027C','NURIA','RUIZ','RUIZ','08000','BARCELONA','BARCELONA','1971-07-02',NULL,NULL),(219,'3269592W','IGNACIO','MARTINEZ','GARCIA','41000','SEVILLA','SEVILLA','1988-07-02',NULL,NULL),(220,'9522290E','SANDRA','LOPEZ','LOPEZ','50000','ZARAGOZA','ZARAGOZA','1987-07-02',NULL,NULL),(221,'10663627C','MANUEL','JIMENEZ','GUTIERREZ','08000','BARCELONA','BARCELONA','1973-07-02',NULL,NULL),(222,'71209525E','NURIA','LOPEZ','ROMERO','50000','ZARAGOZA','ZARAGOZA','1987-07-02',NULL,NULL),(223,'76358462E','SANDRA','RUIZ','JIMENEZ','28000','MADRID','MADRID','1975-07-02',NULL,NULL),(224,'87396094R','ALMUDENA','ROMERO','GARCIA','28000','MADRID','MADRID','1974-07-02',NULL,NULL),(225,'85407984N','JUAN','RUIZ','LOPEZ','41000','SEVILLA','SEVILLA','1971-07-02',NULL,NULL),(226,'2564042V','JUAN','RUIZ','LOPEZ','28000','MADRID','MADRID','1961-07-02',NULL,NULL),(227,'53486525U','IGNACIO','MARTINEZ','LOPEZ','28000','MADRID','MADRID','1993-07-02',NULL,NULL),(228,'97746543P','JUAN','LOPEZ','GARCIA',NULL,NULL,NULL,'1992-07-02',NULL,NULL),(229,'36566597N','SANDRA','RUIZ','JIMENEZ','08000','BARCELONA','BARCELONA','1979-07-02',NULL,NULL),(230,'36922717J','ANA','GARCIA','MARTINEZ','08000','BARCELONA','BARCELONA','1986-07-02',NULL,NULL),(231,'62036088E','PEDRO','GUTIERREZ','GUTIERREZ','28000','MADRID','MADRID','1969-07-02',NULL,NULL),(232,'51998271B','ANA','MARTINEZ','RUIZ','28000','MADRID','MADRID','1979-07-02',NULL,NULL),(233,'53355782H','ALMUDENA','ROMERO','RUIZ','08000','BARCELONA','BARCELONA','1968-07-02',NULL,NULL),(234,'82741865V','NURIA','LOPEZ','MARTINEZ','28000','MADRID','MADRID','1956-07-02',NULL,NULL),(235,'28004216A','JUAN','LOPEZ','LOPEZ','41000','SEVILLA','SEVILLA','1990-07-02',NULL,NULL),(236,'23072084O','JUAN','LOPEZ','RUIZ','28000','MADRID','MADRID','1963-07-02',NULL,NULL),(237,'58205564V','IGNACIO','GUTIERREZ','MARTINEZ',NULL,NULL,NULL,'1961-07-02',NULL,NULL),(238,'65866297U','PEDRO','GARCIA','GARCIA','41000','SEVILLA','SEVILLA','1960-07-02',NULL,NULL),(239,'11478335C','JUAN','ROMERO','LOPEZ','50000','ZARAGOZA','ZARAGOZA','1977-07-02',NULL,NULL),(240,'25089588K','MANUEL','DACAL','RUIZ','28000','MADRID','MADRID','1979-07-01',NULL,NULL),(241,'82169458Y','IGNACIO','RUIZ','GARCIA','28000','MADRID','MADRID','1987-07-02',NULL,NULL),(242,'53775240J','MANUEL','MARTINEZ','RUIZ','08000','BARCELONA','BARCELONA','1984-07-02',NULL,NULL),(243,'69227438F','ALMUDENA','RUIZ','RUIZ','41000','SEVILLA','SEVILLA','1993-07-02',NULL,NULL),(244,'88411719E','MANUEL','GUTIERREZ','RUIZ',NULL,NULL,NULL,'1992-07-02',NULL,NULL),(245,'42927934L','ALMUDENA','ROMERO','MARTINEZ','08000','BARCELONA','BARCELONA','1968-07-02',NULL,NULL),(246,'74641056X','IGNACIO','DACAL','ROMERO','28000','MADRID','MADRID','1962-07-02',NULL,NULL),(247,'35879836N','SANDRA','DACAL','GARCIA','08000','BARCELONA','BARCELONA','1977-07-01',NULL,NULL),(248,'56505334D','ALMUDENA','DACAL','RUIZ','41000','SEVILLA','SEVILLA','1994-07-02',NULL,NULL),(249,'61561037Y','ALMUDENA','GARCIA','RUIZ','08000','BARCELONA','BARCELONA','1984-07-02',NULL,NULL),(250,'50531981K','SANDRA','DACAL','MARTINEZ','28000','MADRID','MADRID','1987-07-01',NULL,NULL),(251,'57238721W','ANA','LOPEZ','GUTIERREZ',NULL,NULL,NULL,'1972-07-02',NULL,NULL),(252,'90073470B','SANDRA','ROMERO','LOPEZ','41000','SEVILLA','SEVILLA','1993-07-01',NULL,NULL),(253,'12817966R','PEDRO','LOPEZ','GUTIERREZ','50000','ZARAGOZA','ZARAGOZA','1970-07-02',NULL,NULL),(254,'79286299C','PEDRO','GUTIERREZ','RUIZ','41000','SEVILLA','SEVILLA','1962-07-02',NULL,NULL),(255,'16864946U','NURIA','GUTIERREZ','RUIZ','08000','BARCELONA','BARCELONA','1956-07-01',NULL,NULL),(256,'29868533G','IGNACIO','LOPEZ','MARTINEZ','28000','MADRID','MADRID','1969-07-02',NULL,NULL),(257,'94067750Q','IGNACIO','RUIZ','GARCIA',NULL,NULL,NULL,'1970-07-02',NULL,NULL),(258,'73580293A','ANA','LOPEZ','DACAL','28000','MADRID','MADRID','1982-07-02',NULL,NULL),(259,'64371442D','ANA','DACAL','GARCIA','28000','MADRID','MADRID','1993-07-02',NULL,NULL),(260,'98003462I','NURIA','DACAL','LOPEZ',NULL,NULL,NULL,'1976-07-02',NULL,NULL),(261,'35848151C','IGNACIO','JIMENEZ','ROMERO','28000','MADRID','MADRID','1966-07-02',NULL,NULL),(262,'35088269L','JUAN','MARTINEZ','MARTINEZ','08000','BARCELONA','BARCELONA','1970-07-01',NULL,NULL),(263,'41211117I','SANDRA','ROMERO','RUIZ',NULL,NULL,NULL,'1959-07-02',NULL,NULL),(264,'56973524E','JUAN','MARTINEZ','ROMERO','08000','BARCELONA','BARCELONA','1969-07-02',NULL,NULL),(265,'47232407S','MANUEL','GARCIA','MARTINEZ',NULL,NULL,NULL,'1982-07-02',NULL,NULL),(266,'82081363B','ALMUDENA','LOPEZ','ROMERO','41000','SEVILLA','SEVILLA','1962-07-02',NULL,NULL),(267,'1919540N','NURIA','MARTINEZ','ROMERO','08000','BARCELONA','BARCELONA','1967-07-02',NULL,NULL),(268,'78047087A','NURIA','ROMERO','MARTINEZ','08000','BARCELONA','BARCELONA','1958-07-02',NULL,NULL),(269,'75397754T','NURIA','JIMENEZ','JIMENEZ','28000','MADRID','MADRID','1966-07-02',NULL,NULL),(270,'67131140G','JUAN','DACAL','DACAL','41000','SEVILLA','SEVILLA','1991-07-02',NULL,NULL),(271,'69759382S','SANDRA','JIMENEZ','ROMERO','28000','MADRID','MADRID','1995-07-02',NULL,NULL),(272,'26067932H','NURIA','RUIZ','JIMENEZ','28000','MADRID','MADRID','1982-07-02',NULL,NULL),(273,'33849844V','MANUEL','JIMENEZ','ROMERO',NULL,NULL,NULL,'1990-07-02',NULL,NULL),(274,'44888788N','MANUEL','GUTIERREZ','RUIZ','50000','ZARAGOZA','ZARAGOZA','1988-07-01',NULL,NULL),(275,'55453876O','JUAN','GARCIA','MARTINEZ','41000','SEVILLA','SEVILLA','1988-07-02',NULL,NULL),(276,'73776956U','ALMUDENA','GARCIA','MARTINEZ','28000','MADRID','MADRID','1991-07-02',NULL,NULL),(277,'4995333Y','ANA','GARCIA','LOPEZ','50000','ZARAGOZA','ZARAGOZA','1979-07-02',NULL,NULL),(278,'31437545I','NURIA','ROMERO','ROMERO','08000','BARCELONA','BARCELONA','1994-07-02',NULL,NULL),(279,'84417880W','PEDRO','ROMERO','ROMERO','41000','SEVILLA','SEVILLA','1981-07-02',NULL,NULL),(280,'93165683Q','SANDRA','MARTINEZ','GUTIERREZ','08000','BARCELONA','BARCELONA','1988-07-02',NULL,NULL),(281,'11309030Y','NURIA','LOPEZ','GARCIA','08000','BARCELONA','BARCELONA','1972-07-01',NULL,NULL),(282,'47852215X','MANUEL','DACAL','ROMERO','08000','BARCELONA','BARCELONA','1969-07-02',NULL,NULL),(283,'62707565O','ALMUDENA','GARCIA','LOPEZ','08000','BARCELONA','BARCELONA','1990-07-02',NULL,NULL),(284,'16392067P','NURIA','RUIZ','MARTINEZ','41000','SEVILLA','SEVILLA','1967-07-02',NULL,NULL),(285,'59513960L','IGNACIO','JIMENEZ','RUIZ','08000','BARCELONA','BARCELONA','1974-07-02',NULL,NULL),(286,'99380552Y','ALMUDENA','MARTINEZ','ROMERO','41000','SEVILLA','SEVILLA','1971-07-02',NULL,NULL),(287,'60598033F','MANUEL','GARCIA','GARCIA','41000','SEVILLA','SEVILLA','1982-07-02',NULL,NULL),(288,'1932499N','NURIA','MARTINEZ','DACAL','08000','BARCELONA','BARCELONA','1984-07-02',NULL,NULL),(289,'6463259P','ALMUDENA','GUTIERREZ','RUIZ','41000','SEVILLA','SEVILLA','1995-07-02',NULL,NULL),(290,'70280520O','ANA','RUIZ','JIMENEZ',NULL,NULL,NULL,'1969-07-02',NULL,NULL),(291,'13190062S','IGNACIO','ROMERO','JIMENEZ',NULL,NULL,NULL,'1961-07-02',NULL,NULL),(292,'23407221L','SANDRA','ROMERO','GUTIERREZ','28000','MADRID','MADRID','1976-07-02',NULL,NULL),(293,'70793695E','ANA','MARTINEZ','MARTINEZ','28000','MADRID','MADRID','1978-07-02',NULL,NULL),(294,'95177346O','PEDRO','MARTINEZ','GARCIA','08000','BARCELONA','BARCELONA','1992-07-02',NULL,NULL),(295,'97354608I','NURIA','ROMERO','MARTINEZ','41000','SEVILLA','SEVILLA','1996-07-02',NULL,NULL),(296,'49499939G','ANA','LOPEZ','ROMERO','41000','SEVILLA','SEVILLA','1986-07-02',NULL,NULL),(297,'33695908V','MANUEL','GUTIERREZ','LOPEZ','41000','SEVILLA','SEVILLA','1983-07-02',NULL,NULL),(298,'53467403B','NURIA','ROMERO','DACAL','50000','ZARAGOZA','ZARAGOZA','1978-07-02',NULL,NULL),(299,'68491497H','IGNACIO','ROMERO','RUIZ','50000','ZARAGOZA','ZARAGOZA','1958-07-02',NULL,NULL),(300,'89301800H','ANA','GARCIA','JIMENEZ',NULL,NULL,NULL,'1966-07-02',NULL,NULL),(301,'78505333T','IGNACIO','LOPEZ','DACAL','28000','MADRID','MADRID','1979-07-02',NULL,NULL),(302,'10645521O','NURIA','ROMERO','JIMENEZ','50000','ZARAGOZA','ZARAGOZA','1969-07-02',NULL,NULL),(303,'20261741U','IGNACIO','JIMENEZ','RUIZ',NULL,NULL,NULL,'1976-07-02',NULL,NULL),(304,'56989469O','MANUEL','ROMERO','JIMENEZ','28000','MADRID','MADRID','1961-07-02',NULL,NULL),(305,'1563462L','JUAN','MARTINEZ','JIMENEZ','08000','BARCELONA','BARCELONA','1978-07-02',NULL,NULL),(306,'83370933T','IGNACIO','MARTINEZ','GARCIA','08000','BARCELONA','BARCELONA','1989-07-02',NULL,NULL),(307,'7980003L','JUAN','RUIZ','JIMENEZ','28000','MADRID','MADRID','1964-07-02',NULL,NULL),(308,'71889663K','ANA','GARCIA','ROMERO','08000','BARCELONA','BARCELONA','1960-07-02',NULL,NULL),(309,'88115660X','PEDRO','DACAL','JIMENEZ','08000','BARCELONA','BARCELONA','1982-07-01',NULL,NULL),(310,'22514726T','JUAN','ROMERO','DACAL','28000','MADRID','MADRID','1989-07-02',NULL,NULL),(311,'97569529V','MANUEL','JIMENEZ','GUTIERREZ','08000','BARCELONA','BARCELONA','1995-07-02',NULL,NULL),(312,'73124516A','ALMUDENA','RUIZ','LOPEZ','41000','SEVILLA','SEVILLA','1966-07-02',NULL,NULL),(313,'80381175S','JUAN','GUTIERREZ','ROMERO','41000','SEVILLA','SEVILLA','1993-07-02',NULL,NULL),(314,'78128021R','PEDRO','DACAL','GARCIA','28000','MADRID','MADRID','1994-07-01',NULL,NULL),(315,'45367412N','MANUEL','GUTIERREZ','RUIZ',NULL,NULL,NULL,'1984-07-02',NULL,NULL),(316,'51361945E','MANUEL','RUIZ','DACAL',NULL,NULL,NULL,'1977-07-02',NULL,NULL),(317,'87077917O','MANUEL','GARCIA','RUIZ','50000','ZARAGOZA','ZARAGOZA','1992-07-02',NULL,NULL),(318,'82338748K','SANDRA','GUTIERREZ','RUIZ','50000','ZARAGOZA','ZARAGOZA','1988-07-02',NULL,NULL),(319,'37942062V','JUAN','ROMERO','JIMENEZ','08000','BARCELONA','BARCELONA','1958-07-01',NULL,NULL),(320,'68203088P','PEDRO','DACAL','GUTIERREZ','08000','BARCELONA','BARCELONA','1961-07-02',NULL,NULL),(321,'32509427F','JUAN','LOPEZ','DACAL',NULL,NULL,NULL,'1965-07-02',NULL,NULL),(322,'90932834J','PEDRO','RUIZ','RUIZ',NULL,NULL,NULL,'1964-07-02',NULL,NULL),(323,'5585052Y','NURIA','DACAL','LOPEZ','50000','ZARAGOZA','ZARAGOZA','1961-07-02',NULL,NULL),(324,'64744927S','ANA','JIMENEZ','JIMENEZ','28000','MADRID','MADRID','1956-07-02',NULL,NULL),(325,'62976778U','JUAN','ROMERO','LOPEZ','41000','SEVILLA','SEVILLA','1979-07-02',NULL,NULL),(326,'77870396X','MANUEL','JIMENEZ','MARTINEZ','41000','SEVILLA','SEVILLA','1963-07-02',NULL,NULL),(327,'16188782S','MANUEL','LOPEZ','LOPEZ','50000','ZARAGOZA','ZARAGOZA','1990-07-02',NULL,NULL),(328,'28032541G','SANDRA','JIMENEZ','GARCIA','08000','BARCELONA','BARCELONA','1982-07-02',NULL,NULL),(329,'66745677E','ANA','GUTIERREZ','RUIZ',NULL,NULL,NULL,'1990-07-02',NULL,NULL),(330,'15049573W','PEDRO','MARTINEZ','GARCIA',NULL,NULL,NULL,'1976-07-02',NULL,NULL),(331,'8389390Q','PEDRO','LOPEZ','MARTINEZ','50000','ZARAGOZA','ZARAGOZA','1994-07-02',NULL,NULL),(332,'5643277U','ALMUDENA','RUIZ','GUTIERREZ','41000','SEVILLA','SEVILLA','1991-07-02',NULL,NULL),(333,'6141511O','ANA','GARCIA','LOPEZ','28000','MADRID','MADRID','1967-07-01',NULL,NULL),(334,'4384837I','SANDRA','GUTIERREZ','RUIZ','41000','SEVILLA','SEVILLA','1981-07-02',NULL,NULL),(335,'6340814M','JUAN','MARTINEZ','MARTINEZ','28000','MADRID','MADRID','1983-07-02',NULL,NULL),(336,'32546713N','ANA','RUIZ','RUIZ','50000','ZARAGOZA','ZARAGOZA','1978-07-02',NULL,NULL),(337,'90654931L','NURIA','GUTIERREZ','GARCIA','41000','SEVILLA','SEVILLA','1991-07-02',NULL,NULL),(338,'66793436N','NURIA','JIMENEZ','MARTINEZ','08000','BARCELONA','BARCELONA','1979-07-02',NULL,NULL),(339,'4491262J','NURIA','ROMERO','ROMERO','50000','ZARAGOZA','ZARAGOZA','1985-07-02',NULL,NULL),(340,'73622666O','NURIA','ROMERO','ROMERO','08000','BARCELONA','BARCELONA','1975-07-02',NULL,NULL),(341,'84488258J','MANUEL','ROMERO','GARCIA','28000','MADRID','MADRID','1988-07-01',NULL,NULL),(342,'74877306O','NURIA','MARTINEZ','LOPEZ','08000','BARCELONA','BARCELONA','1962-07-02',NULL,NULL),(343,'1343942J','ANA','GARCIA','GUTIERREZ','08000','BARCELONA','BARCELONA','1970-07-01',NULL,NULL),(344,'56847493C','ANA','JIMENEZ','JIMENEZ',NULL,NULL,NULL,'1957-07-02',NULL,NULL),(345,'88699458J','JUAN','GUTIERREZ','MARTINEZ','41000','SEVILLA','SEVILLA','1957-07-02',NULL,NULL),(346,'7446580F','ALMUDENA','GUTIERREZ','GARCIA','41000','SEVILLA','SEVILLA','1985-07-02',NULL,NULL),(347,'63482791W','SANDRA','JIMENEZ','GARCIA','28000','MADRID','MADRID','1966-07-02',NULL,NULL),(348,'18651759O','MANUEL','GUTIERREZ','GARCIA','08000','BARCELONA','BARCELONA','1961-07-02',NULL,NULL),(349,'65871819W','IGNACIO','MARTINEZ','RUIZ',NULL,NULL,NULL,'1991-07-02',NULL,NULL),(350,'34394760T','ANA','GUTIERREZ','ROMERO','28000','MADRID','MADRID','1984-07-01',NULL,NULL),(351,'78534901N','IGNACIO','RUIZ','LOPEZ','28000','MADRID','MADRID','1959-07-02',NULL,NULL),(352,'73615348X','IGNACIO','DACAL','MARTINEZ','41000','SEVILLA','SEVILLA','1993-07-02',NULL,NULL),(353,'98721405W','SANDRA','JIMENEZ','LOPEZ','41000','SEVILLA','SEVILLA','1995-07-02',NULL,NULL),(354,'38840828D','SANDRA','LOPEZ','ROMERO',NULL,NULL,NULL,'1987-07-02',NULL,NULL),(355,'91814439T','PEDRO','LOPEZ','ROMERO','50000','ZARAGOZA','ZARAGOZA','1985-07-02',NULL,NULL),(356,'14912464T','SANDRA','LOPEZ','LOPEZ','28000','MADRID','MADRID','1967-07-02',NULL,NULL),(357,'91210803W','NURIA','GARCIA','GARCIA','50000','ZARAGOZA','ZARAGOZA','1961-07-02',NULL,NULL),(358,'45710397M','PEDRO','GARCIA','GUTIERREZ','50000','ZARAGOZA','ZARAGOZA','1990-07-02',NULL,NULL),(359,'738033N','NURIA','ROMERO','GUTIERREZ','28000','MADRID','MADRID','1979-07-02',NULL,NULL),(360,'17571122K','SANDRA','RUIZ','GARCIA','28000','MADRID','MADRID','1991-07-02',NULL,NULL),(361,'61867572L','MANUEL','DACAL','LOPEZ','28000','MADRID','MADRID','1962-07-02',NULL,NULL),(362,'45851148S','MANUEL','LOPEZ','RUIZ','08000','BARCELONA','BARCELONA','1994-07-02',NULL,NULL),(363,'98737899P','JUAN','JIMENEZ','JIMENEZ',NULL,NULL,NULL,'1988-07-02',NULL,NULL),(364,'11754908C','JUAN','RUIZ','RUIZ',NULL,NULL,NULL,'1972-07-02',NULL,NULL),(365,'71246483S','NURIA','JIMENEZ','JIMENEZ',NULL,NULL,NULL,'1962-07-02',NULL,NULL);
/*!40000 ALTER TABLE `clientes` ENABLE KEYS */;
UNLOCK TABLES;

--
-- Table structure for table `detfactura`
--

DROP TABLE IF EXISTS `detfactura`;
/*!40101 SET @saved_cs_client     = @@character_set_client */;
/*!40101 SET character_set_client = utf8 */;
CREATE TABLE `detfactura` (
  `id` int(11) NOT NULL AUTO_INCREMENT,
  `idfactura` int(11) NOT NULL,
  `generico` int(11) DEFAULT NULL,
  `codacto` int(11) NOT NULL,
  `especialidad` int(11) NOT NULL,
  `fechaprestacion` varchar(45) DEFAULT NULL,
  `importefac` decimal(10,2) DEFAULT NULL,
  `impeacto` decimal(10,2) DEFAULT NULL,
  `impapagar` decimal(10,2) DEFAULT NULL,
  `impreenbolso` decimal(10,2) DEFAULT NULL,
  PRIMARY KEY (`id`),
  KEY `fk_detfactura_1_idx` (`idfactura`),
  KEY `fk_detfactura_2_idx` (`codacto`),
  KEY `fk_detfactura_3_idx` (`especialidad`),
  KEY `fk_detfactura_4_idx` (`generico`),
  CONSTRAINT `fk_detfactura_1` FOREIGN KEY (`idfactura`) REFERENCES `facturas` (`idfacturas`) ON DELETE NO ACTION ON UPDATE NO ACTION,
  CONSTRAINT `fk_detfactura_2` FOREIGN KEY (`especialidad`) REFERENCES `especialidades` (`codespecialidad`) ON DELETE NO ACTION ON UPDATE NO ACTION,
  CONSTRAINT `fk_detfactura_3` FOREIGN KEY (`codacto`) REFERENCES `actos` (`codactos`) ON DELETE NO ACTION ON UPDATE NO ACTION,
  CONSTRAINT `fk_detfactura_4` FOREIGN KEY (`generico`) REFERENCES `generico` (`idgenerico`) ON DELETE NO ACTION ON UPDATE NO ACTION
) ENGINE=InnoDB AUTO_INCREMENT=4 DEFAULT CHARSET=latin1;
/*!40101 SET character_set_client = @saved_cs_client */;

--
-- Dumping data for table `detfactura`
--

LOCK TABLES `detfactura` WRITE;
/*!40000 ALTER TABLE `detfactura` DISABLE KEYS */;
INSERT INTO `detfactura` VALUES (1,1232546554,18,9000,42,'2016-01-02',1.00,NULL,NULL,NULL),(2,1232546554,17,9000,42,'2016-02-01',1.10,NULL,NULL,NULL),(3,1232546554,33,9000,42,'2016-01-20',1.30,NULL,NULL,NULL);
/*!40000 ALTER TABLE `detfactura` ENABLE KEYS */;
UNLOCK TABLES;

--
-- Table structure for table `especialidades`
--

DROP TABLE IF EXISTS `especialidades`;
/*!40101 SET @saved_cs_client     = @@character_set_client */;
/*!40101 SET character_set_client = utf8 */;
CREATE TABLE `especialidades` (
  `codespecialidad` int(11) NOT NULL AUTO_INCREMENT,
  `descripcion` varchar(100) DEFAULT NULL,
  PRIMARY KEY (`codespecialidad`)
) ENGINE=InnoDB AUTO_INCREMENT=45 DEFAULT CHARSET=latin1;
/*!40101 SET character_set_client = @saved_cs_client */;

--
-- Dumping data for table `especialidades`
--

LOCK TABLES `especialidades` WRITE;
/*!40000 ALTER TABLE `especialidades` DISABLE KEYS */;
INSERT INTO `especialidades` VALUES (1,'MEDICINA GENERAL'),(2,'PEDIATRIA'),(3,'ALERGOLOGIA'),(4,'ANALISIS CLINICOS'),(5,'ANATOMIA PATOLOGICA'),(6,'ANESTESIOLOGIA Y REANIMACION'),(7,'ANGIOLOGIA Y CIRUGIA VASCULAR	'),(8,'APARATO DIGESTIVO'),(9,'CARDIOLOGIA'),(10,'CIRUGIA CARDIOVASCULAR'),(11,'CIRUGIA GENERAL Y DEL APARATO DIGESTIVO'),(12,'CIRUGIA MAXILOFACIAL'),(13,'CIRUGIA PEDIATRICA'),(14,'CIRUGIA PLASTICA Y REPARADORA'),(15,'CIRUGIA TORACICA'),(16,'DERMATOLOGIA MEDICO-QUIRURGICA Y VENEREOLOGIA'),(17,'RADIODIAGNOSTICO'),(18,'ENDOCRINOLOGIA Y NUTRICION'),(19,'ESTOMATOLOGIA'),(20,'GERIATRIA	'),(21,'HEMATOLOGIA Y HEMOTERAPIA	'),(22,'INMUNOLOGIA	'),(23,'MEDICINA INTENSIVA	'),(24,'MEDICINA INTERNA	'),(25,'MEDICINA NUCLEAR	'),(26,'NEFROLOGIA'),(27,'NEUMOLOGIA'),(28,'NEUROCIRUGIA'),(29,'NEUROFISIOLOGIA CLINICA'),(30,'NEUROLOGIA'),(31,'OBSTETRICIA Y GINECOLOGIA'),(32,'OFTALMOLOGIA'),(33,'ONCOLOGIA MEDICA'),(34,'ONCOLOGIA RADIOTERAPICA'),(35,'OTORRINOLARINGOLOGIA'),(36,'PSIQUIATRIA'),(37,'REHABILITACION'),(38,'REUMATOLOGIA'),(39,'TRATAMIENTO DEL DOLOR'),(40,'TRAUMATOLOGIA Y CIRUGIA ORTOPEDICA'),(41,'UROLOGIA'),(42,'FARMACIA'),(43,'ODONTOLOGIA'),(44,'PSICOLOGIA');
/*!40000 ALTER TABLE `especialidades` ENABLE KEYS */;
UNLOCK TABLES;

--
-- Table structure for table `expedientecopago`
--

DROP TABLE IF EXISTS `expedientecopago`;
/*!40101 SET @saved_cs_client     = @@character_set_client */;
/*!40101 SET character_set_client = utf8 */;
CREATE TABLE `expedientecopago` (
  `idexpe` int(11) NOT NULL AUTO_INCREMENT,
  `poliza` int(11) DEFAULT NULL,
  `certificado` int(11) DEFAULT NULL,
  `fechaemision` date DEFAULT NULL,
  `importe` varchar(45) DEFAULT NULL,
  PRIMARY KEY (`idexpe`),
  KEY `fk_expedientecopago_1_idx` (`poliza`,`certificado`),
  CONSTRAINT `fk_expedientecopago_1` FOREIGN KEY (`poliza`, `certificado`) REFERENCES `polizas` (`poliza`, `certificado`) ON DELETE NO ACTION ON UPDATE NO ACTION
) ENGINE=InnoDB DEFAULT CHARSET=latin1;
/*!40101 SET character_set_client = @saved_cs_client */;

--
-- Dumping data for table `expedientecopago`
--

LOCK TABLES `expedientecopago` WRITE;
/*!40000 ALTER TABLE `expedientecopago` DISABLE KEYS */;
/*!40000 ALTER TABLE `expedientecopago` ENABLE KEYS */;
UNLOCK TABLES;

--
-- Table structure for table `facturas`
--

DROP TABLE IF EXISTS `facturas`;
/*!40101 SET @saved_cs_client     = @@character_set_client */;
/*!40101 SET character_set_client = utf8 */;
CREATE TABLE `facturas` (
  `idfacturas` int(11) NOT NULL AUTO_INCREMENT,
  `poliza` int(11) NOT NULL,
  `certificado` int(11) NOT NULL,
  `codcliente` int(11) NOT NULL,
  `fechafactura` date NOT NULL,
  `fechaalta` date DEFAULT NULL,
  `idliquidacion` int(11) DEFAULT NULL,
  `idproveedores` int(11) DEFAULT NULL,
  `codactos` int(11) DEFAULT NULL,
  `codespecilidad` int(11) DEFAULT NULL,
  `importe` decimal(10,2) DEFAULT NULL,
  PRIMARY KEY (`idfacturas`),
  KEY `fk_facturas_1_idx` (`poliza`,`certificado`),
  KEY `fk_facturas_2_idx` (`codcliente`),
  KEY `fk_facturas_3_idx` (`idliquidacion`),
  CONSTRAINT `fk_facturas_1` FOREIGN KEY (`poliza`, `certificado`) REFERENCES `polizas` (`poliza`, `certificado`) ON DELETE NO ACTION ON UPDATE NO ACTION,
  CONSTRAINT `fk_facturas_2` FOREIGN KEY (`codcliente`) REFERENCES `clientes` (`idclientes`) ON DELETE NO ACTION ON UPDATE NO ACTION,
  CONSTRAINT `fk_facturas_3` FOREIGN KEY (`idliquidacion`) REFERENCES `liquida` (`idliquida`) ON DELETE NO ACTION ON UPDATE NO ACTION
) ENGINE=InnoDB AUTO_INCREMENT=1232546555 DEFAULT CHARSET=latin1;
/*!40101 SET character_set_client = @saved_cs_client */;

--
-- Dumping data for table `facturas`
--

LOCK TABLES `facturas` WRITE;
/*!40000 ALTER TABLE `facturas` DISABLE KEYS */;
INSERT INTO `facturas` VALUES (1232546554,66600012,2,1000001,'2016-01-15','2016-04-08',NULL,NULL,NULL,NULL,3.40);
/*!40000 ALTER TABLE `facturas` ENABLE KEYS */;
UNLOCK TABLES;

--
-- Table structure for table `generico`
--

DROP TABLE IF EXISTS `generico`;
/*!40101 SET @saved_cs_client     = @@character_set_client */;
/*!40101 SET character_set_client = utf8 */;
CREATE TABLE `generico` (
  `idgenerico` int(11) NOT NULL AUTO_INCREMENT,
  `descripcion` varchar(100) DEFAULT NULL,
  `codprodfarm` int(11) DEFAULT NULL,
  `codlab` int(11) DEFAULT NULL,
  PRIMARY KEY (`idgenerico`),
  KEY `fk_generico_1_idx` (`codlab`),
  KEY `fk_generico_2_idx` (`codprodfarm`),
  CONSTRAINT `fk_generico_1` FOREIGN KEY (`codlab`) REFERENCES `laboratorios` (`codlabor`) ON DELETE NO ACTION ON UPDATE NO ACTION,
  CONSTRAINT `fk_generico_2` FOREIGN KEY (`codprodfarm`) REFERENCES `productosfarm` (`idproductosfarm`) ON DELETE NO ACTION ON UPDATE NO ACTION
) ENGINE=InnoDB AUTO_INCREMENT=127 DEFAULT CHARSET=latin1;
/*!40101 SET character_set_client = @saved_cs_client */;

--
-- Dumping data for table `generico`
--

LOCK TABLES `generico` WRITE;
/*!40000 ALTER TABLE `generico` DISABLE KEYS */;
INSERT INTO `generico` VALUES (1,'INCOPACK INICIA 80U',1,953),(2,'TENA  80U',1,937),(3,'INCOPACK 80U',1,953),(4,'MOLICARE AIR ACTIVE ELASTICOS T. PEQUEÑA 80U',1,577),(5,'FADI IA 1072 40 U',1,923),(6,'FADI IA 1072 60 U',1,923),(7,'FADI IA 1072 80 U',1,923),(8,'TENA  ELASTICO TALLA PEQUEÑA 80 U',1,937),(9,'MOLIFORM NORMAL 80 U',1,577),(10,'FEBUS ELASTICOS T. GRANDE 20 U',1,953),(11,'FEBUS ELASTICOS T. GRANDE 80 U',1,953),(12,'INCOPACK ELASTICO T. PEQUEÑA 20 U',1,953),(13,'INCOPACK ELASTICO T. PEQUEÑA 80 U',1,953),(14,'LILLE SUPREME FIT ELASTICOS T. PEQUEÑA 80U',1,951),(15,'LILLE SUPREME FORM 80U + 4 MALLAS',1,951),(16,'LINDOR 80 U',1,112),(17,'PRESTERIL 20 U',1,8006),(18,'PRESTERIL 40 U',1,8006),(19,'PRESTERIL 60 U',1,8006),(20,'PRESTERIL 80 U',1,8006),(21,'ABS 20 U',1,8004),(22,'ABS 40 U',1,8004),(23,'ABS 60 U',1,8004),(24,'ABS 80 U',1,8004),(25,'BIOCONFORT 20 U',1,892),(26,'BIOCONFORT 40 U',1,892),(27,'BIOCONFORT 60 U',1,892),(28,'BIOCONFORT 80 U',1,892),(29,'LYSETTE ELASTICOS 20 U',1,8006),(30,'LYSETTE ELASTICOS 40 U',1,8006),(31,'LYSETTE ELASTICOS T. MEDIANA 60 U',1,8006),(32,'LYSETTE ELASTICOS Talla Grande 80 U',1,8006),(33,'DEMAR 60 U',1,8004),(34,'DEMAR 80 U',1,8004),(35,'ID EXPERT FORM 80 U',1,951),(36,'FEBUS 20U',1,953),(37,'FEBUS 80U',1,953),(38,'INCOPACK ELASTICO T. MEDIA 20U',1,953),(39,'INCOPACK ELASTICO T. MEDIA 80U',1,953),(40,'DEMAR ELASTICO T. PEQUEÑA 80U',1,8004),(41,'INCOPACK ELASTICOS Talla Grande 80u',1,953),(42,'SERENITY 80U',1,972),(43,'ABS ECO 80U',1,8004),(44,'ABS ECO 60U',1,8004),(45,'ABS ECO 40U',1,8004),(46,'ABS ECO 20U',1,8004),(47,'LYSETTE 20U',1,8006),(48,'LYSETTE 40U',1,8006),(49,'LYSETTE 60U',1,8006),(50,'LYSETTE 80U',1,8006),(51,'MOLIFORM INICIAL 80U',1,577),(52,'NURSA 40U',1,577),(53,'NURSA 60U',1,577),(54,'MOLICARE AIR ACTIVE ELASTICOS T. GRANDE 80U',1,577),(55,'ABSOR 20U',1,8004),(56,'ABSOR 40U',1,8004),(57,'ABSOR 60U',1,8004),(58,'ABSOR 80U',1,8004),(59,'BIOFOR 20U',1,968),(60,'BIOFOR 40U',1,968),(61,'BIOFOR 60U',1,968),(62,'BIOFOR 80U',1,968),(63,'EURON FLEX 80U',1,983),(64,'EURON FORM T. PEQUEÑA 80U',1,983),(65,'ROCPAD 80U',1,8014),(66,'ANAFORM ELASTICO Talla Grande 80U',1,951),(67,'ROCPAD ELASTICOS TALLA MEDIANA 80U',1,8014),(68,'ROCPAD ELASTICOS TALLA GRANDE 80U',1,8014),(69,'LISUBEL 80U',1,970),(70,'ABS ECO ELASTICOS T. GRANDE 80U',1,8004),(71,'ABS ECO ELASTICOS T. MEDIANA 80U',1,8004),(72,'LISUBEL ELASTICOS T. GRANDE 80U',1,970),(73,'FLUFSAN 80U',1,946),(74,'AFFECTIVE 80U',1,988),(75,'TENA  NORMAL 80U',1,937),(76,'INCOPACK ELASTICO T. EXTRA-PEQUEÑA 80U',1,953),(77,'MOLICARE AIR ACTIVE ELASTICOS T. MEDIANA 80U',1,577),(78,'AFFECTIVE ELASTICO T.MEDIA 80U',1,988),(79,'AFFECTIVE ELASTICO T.GRANDE 80U',1,988),(80,'MOLTEX EXPERIENCE 80U',1,988),(81,'MOLTEX EXPERIENCE ELASTICOS T.GRANDE 80U',1,988),(82,'LINDOR 80 U',2,112),(83,'PRESTERIL 40 U',2,8006),(84,'PRESTERIL 80 U',2,8006),(85,'SALUS FARMA 80 U',2,987),(86,'INCOPACK 80 U',2,953),(87,'LISUBEL 80 U',2,970),(88,'DEMAR 40 U + 2 SLIP',2,8004),(89,'DEMAR 80 U + 4 SLIP',2,8004),(90,'FADI IR 2092 20 U',2,923),(91,'FADI IR 2092 40 U',2,923),(92,'FADI IR 2092 60 U',2,923),(93,'FADI IR 2092 80 U',2,923),(94,'SERENITY 80 UNID',2,972),(95,'INDAS 80 U',2,953),(96,'FEBUS 80 U',2,953),(97,'ABS 20 U',2,8004),(98,'ABS 40 U',2,8004),(99,'ABS 60 U',2,8004),(100,'ABS 80 U',2,8004),(101,'BIOCONFORT 80 U',2,892),(102,'LILLE CLASSIC LINE 80U + 4 MALLAS',2,951),(103,'BIOCONFORT 20 U',2,892),(104,'BIOCONFORT 40 U',2,892),(105,'BIOCONFORT 60 U',2,892),(106,'TENA RECTANGULAR 80U+4B',2,937),(107,'ID EXPERT 80 U',2,951),(108,'MOLINEA RECTANGULAR 80U',2,577),(109,'ABSOR 80U',2,8004),(110,'ABSOR 60U',2,8004),(111,'ABSOR 40U',2,8004),(112,'ABSOR 20U',2,8004),(113,'LYSETTE 20U',2,8006),(114,'LYSETTE 40U',2,8006),(115,'LYSETTE 60U',2,8006),(116,'LYSETTE 80U',2,8006),(117,'NURSA 40U',2,577),(118,'NURSA 60U',2,577),(119,'ABS ECO 80U',2,8004),(120,'ABS ECO 60U',2,8004),(121,'ABS ECO 40U',2,8004),(122,'ABS ECO 20U',2,8004),(123,'EURON LET 80 U',2,983),(124,'ROCPAD 80U',2,8014),(125,'INCOPACK 20X60 80U',2,953),(126,'FLUFSAN 80U',2,946);
/*!40000 ALTER TABLE `generico` ENABLE KEYS */;
UNLOCK TABLES;

--
-- Table structure for table `importecopago`
--

DROP TABLE IF EXISTS `importecopago`;
/*!40101 SET @saved_cs_client     = @@character_set_client */;
/*!40101 SET character_set_client = utf8 */;
CREATE TABLE `importecopago` (
  `idcopago` int(11) NOT NULL,
  `codespecialidad` int(11) NOT NULL,
  `codacto` int(11) NOT NULL,
  `fechaini` date DEFAULT NULL,
  `fechaalta` date DEFAULT NULL,
  `fechafin` date DEFAULT NULL,
  `importeacto` decimal(10,2) DEFAULT NULL,
  KEY `fk_copago_1_idx` (`codacto`),
  KEY `fk_copago_2_idx` (`codespecialidad`),
  KEY `fk_copago_3` (`idcopago`),
  CONSTRAINT `fk_copago_1` FOREIGN KEY (`codacto`) REFERENCES `actos` (`codactos`) ON DELETE NO ACTION ON UPDATE NO ACTION,
  CONSTRAINT `fk_copago_2` FOREIGN KEY (`codespecialidad`) REFERENCES `especialidades` (`codespecialidad`) ON DELETE NO ACTION ON UPDATE NO ACTION,
  CONSTRAINT `fk_copago_3` FOREIGN KEY (`idcopago`) REFERENCES `tipocopago` (`codtipo`) ON DELETE NO ACTION ON UPDATE NO ACTION
) ENGINE=InnoDB DEFAULT CHARSET=latin1;
/*!40101 SET character_set_client = @saved_cs_client */;

--
-- Dumping data for table `importecopago`
--

LOCK TABLES `importecopago` WRITE;
/*!40000 ALTER TABLE `importecopago` DISABLE KEYS */;
INSERT INTO `importecopago` VALUES (3,1,1,'2009-04-01','2009-04-12',NULL,3.00),(3,1,2,'2009-04-01','2009-04-12',NULL,5.00);
/*!40000 ALTER TABLE `importecopago` ENABLE KEYS */;
UNLOCK TABLES;

--
-- Table structure for table `importefarm`
--

DROP TABLE IF EXISTS `importefarm`;
/*!40101 SET @saved_cs_client     = @@character_set_client */;
/*!40101 SET character_set_client = utf8 */;
CREATE TABLE `importefarm` (
  `generico` int(11) NOT NULL,
  `importe` decimal(10,2) DEFAULT NULL,
  `importemax` decimal(10,2) DEFAULT NULL,
  `fechainicio` date DEFAULT NULL,
  `fechafin` date DEFAULT NULL,
  `fechaalta` date DEFAULT NULL,
  `porcentajemax` varchar(45) DEFAULT NULL,
  KEY `fk_importefarm_1_idx` (`generico`),
  CONSTRAINT `fk_importefarm_1` FOREIGN KEY (`generico`) REFERENCES `generico` (`idgenerico`) ON DELETE NO ACTION ON UPDATE NO ACTION
) ENGINE=InnoDB DEFAULT CHARSET=latin1;
/*!40101 SET character_set_client = @saved_cs_client */;

--
-- Dumping data for table `importefarm`
--

LOCK TABLES `importefarm` WRITE;
/*!40000 ALTER TABLE `importefarm` DISABLE KEYS */;
INSERT INTO `importefarm` VALUES (17,0.90,1.04,'2009-01-01',NULL,'2009-01-01','15'),(18,1.20,1.38,'2009-01-01',NULL,'2009-01-01','15'),(33,1.30,1.50,'2009-01-01',NULL,'2009-01-01','15'),(126,2.00,2.30,'2009-01-01',NULL,'2009-01-01','15');
/*!40000 ALTER TABLE `importefarm` ENABLE KEYS */;
UNLOCK TABLES;

--
-- Table structure for table `laboratorios`
--

DROP TABLE IF EXISTS `laboratorios`;
/*!40101 SET @saved_cs_client     = @@character_set_client */;
/*!40101 SET character_set_client = utf8 */;
CREATE TABLE `laboratorios` (
  `codlabor` int(11) NOT NULL,
  `descripcion` varchar(100) DEFAULT NULL,
  `fechaalta` date DEFAULT NULL,
  `fechabaja` varchar(45) DEFAULT NULL,
  PRIMARY KEY (`codlabor`)
) ENGINE=InnoDB DEFAULT CHARSET=latin1;
/*!40101 SET character_set_client = @saved_cs_client */;

--
-- Dumping data for table `laboratorios`
--

LOCK TABLES `laboratorios` WRITE;
/*!40000 ALTER TABLE `laboratorios` DISABLE KEYS */;
INSERT INTO `laboratorios` VALUES (112,'PROCTER AND GAMBLE ESPAÑA S.A.','2010-03-01',NULL),(577,'LABORATORIOS HARTMANN, S.A.','2010-03-01',NULL),(892,'PH DISTMEDIC, S.L.','2010-03-01',NULL),(923,'CARDIOMEDICAL DEL MEDITERRANEO, S.L.','2010-03-01',NULL),(937,'SCA HYGIENE PRODUCTS, S.L.','2010-03-01',NULL),(946,'EUROPROSAN S.P.A.','2010-03-01',NULL),(951,'ONTEX ID, S.A.','2010-03-01',NULL),(953,'LABORATORIOS INDAS, S.A.U','2010-03-01',NULL),(968,'CATAR MEDICAL, S.L.','2010-03-01',NULL),(970,'DISTROMEF, S.L.','2010-03-01',NULL),(972,'CHICCO ESPAÑOLA, S.A.','2010-03-01',NULL),(983,'ONTEX PENINSULAR, S.A.','2010-03-01',NULL),(987,'BATLLE DE BALLE, S.A.','2010-03-01',NULL),(988,'VALOR BRANDS EUROPE, S.L..','2010-03-01',NULL),(8004,'BARNA IMPORT MEDICA, S.A.','2010-03-01',NULL),(8006,'ACTIV MEDICAL DISPOSABLE, S.A.L.','2010-03-01',NULL),(8014,'INTERNATIONAL ABSORBENT PRODUCTS, S.L.','2010-03-01',NULL);
/*!40000 ALTER TABLE `laboratorios` ENABLE KEYS */;
UNLOCK TABLES;

--
-- Table structure for table `liquida`
--

DROP TABLE IF EXISTS `liquida`;
/*!40101 SET @saved_cs_client     = @@character_set_client */;
/*!40101 SET character_set_client = utf8 */;
CREATE TABLE `liquida` (
  `idliquida` int(11) NOT NULL AUTO_INCREMENT,
  `codproveedor` int(11) DEFAULT NULL,
  `fechaliq` date DEFAULT NULL,
  `importe` decimal(10,2) DEFAULT NULL,
  PRIMARY KEY (`idliquida`),
  KEY `fk_liquida_1_idx` (`codproveedor`),
  CONSTRAINT `fk_liquida_1` FOREIGN KEY (`codproveedor`) REFERENCES `proveedores` (`idproveedores`) ON DELETE NO ACTION ON UPDATE NO ACTION
) ENGINE=InnoDB AUTO_INCREMENT=366 DEFAULT CHARSET=latin1;
/*!40101 SET character_set_client = @saved_cs_client */;

--
-- Dumping data for table `liquida`
--

LOCK TABLES `liquida` WRITE;
/*!40000 ALTER TABLE `liquida` DISABLE KEYS */;
INSERT INTO `liquida` VALUES (1,1,'2016-01-24',33.47),(2,2,'2016-01-24',90.75),(3,3,'2016-01-24',46.12),(4,4,'2016-01-24',89.24),(5,5,'2016-01-24',27.01),(6,6,'2016-01-24',69.77),(7,7,'2016-01-24',38.56),(8,8,'2016-01-24',107.64),(9,9,'2016-01-24',25.22),(10,10,'2016-01-24',23.52),(11,11,'2016-01-24',108.68),(12,12,'2016-01-24',27.55),(13,13,'2016-01-24',92.64),(14,14,'2016-01-24',84.96),(15,15,'2016-01-24',94.94),(16,16,'2016-01-24',63.74),(17,17,'2016-01-24',31.07),(18,18,'2016-01-24',116.00),(19,19,'2016-01-24',23.66),(20,20,'2016-01-24',70.13),(21,21,'2016-01-24',97.33),(22,22,'2016-01-24',112.72),(23,23,'2016-01-24',85.42),(24,24,'2016-01-24',97.69),(25,25,'2016-01-24',53.49),(26,26,'2016-01-24',103.23),(27,27,'2016-01-24',40.54),(28,28,'2016-01-24',41.59),(29,29,'2016-01-24',26.94),(30,30,'2016-01-24',119.81),(31,31,'2016-02-24',32.62),(32,32,'2016-02-24',21.01),(33,33,'2016-02-24',48.73),(34,34,'2016-02-24',70.52),(35,35,'2016-02-24',33.45),(36,36,'2016-02-24',24.55),(37,37,'2016-02-24',38.10),(38,38,'2016-02-24',56.78),(39,39,'2016-02-24',72.16),(40,40,'2016-02-24',21.26),(41,41,'2016-02-24',28.64),(42,42,'2016-02-24',117.88),(43,43,'2016-02-24',41.14),(44,44,'2016-02-24',100.34),(45,45,'2016-02-24',53.00),(46,46,'2016-02-24',47.11),(47,47,'2016-02-24',33.58),(48,48,'2016-02-24',48.76),(49,49,'2016-02-24',51.04),(50,50,'2016-02-24',44.92),(51,51,'2016-02-24',51.31),(52,52,'2016-02-24',31.32),(53,53,'2016-02-24',57.57),(54,54,'2016-02-24',70.85),(55,55,'2016-02-24',113.25),(56,56,'2016-02-24',83.94),(57,57,'2016-02-24',56.16),(58,58,'2016-02-24',106.28),(59,59,'2016-02-24',84.33),(60,60,'2016-03-24',55.76),(61,61,'2016-03-24',40.33),(62,62,'2016-03-24',78.63),(63,63,'2016-03-24',64.32),(64,64,'2016-03-24',26.21),(65,65,'2016-03-24',27.61),(66,66,'2016-03-24',48.48),(67,67,'2016-03-24',105.10),(68,68,'2016-03-24',68.49),(69,69,'2016-03-24',58.13),(70,70,'2016-03-24',38.33),(71,71,'2016-03-24',94.01),(72,72,'2016-03-24',94.38),(73,73,'2016-03-24',94.31),(74,74,'2016-03-24',86.96),(75,75,'2016-03-24',107.69),(76,76,'2016-03-24',70.85),(77,77,'2016-03-24',34.63),(78,78,'2016-03-24',30.66),(79,79,'2016-03-24',27.14),(80,80,'2016-03-24',81.02),(81,81,'2016-03-24',111.22),(82,82,'2016-03-24',39.29),(83,83,'2016-03-24',118.01),(84,84,'2016-03-24',108.23),(85,85,'2016-03-24',51.43),(86,86,'2016-03-24',53.71),(87,87,'2016-03-24',103.86),(88,88,'2016-03-24',37.98),(89,89,'2016-03-24',102.77),(90,90,'2016-03-24',31.68),(91,91,'2016-04-24',114.91),(92,92,'2016-04-24',91.65),(93,93,'2016-04-24',81.33),(94,94,'2016-04-24',44.65),(95,95,'2016-04-24',67.67),(96,96,'2016-04-24',31.44),(97,97,'2016-04-24',109.39),(98,98,'2016-04-24',28.97),(99,99,'2016-04-24',118.59),(100,100,'2016-04-24',64.47),(101,101,'2016-04-24',70.95),(102,102,'2016-04-24',64.35),(103,103,'2016-04-24',23.71),(104,104,'2016-04-24',107.67),(105,105,'2016-04-24',117.64),(106,106,'2016-04-24',92.21),(107,107,'2016-04-24',108.07),(108,108,'2016-04-24',31.72),(109,109,'2016-04-24',68.40),(110,110,'2016-04-24',63.79),(111,111,'2016-04-24',54.71),(112,112,'2016-04-24',44.25),(113,113,'2016-04-24',39.39),(114,114,'2016-04-24',80.97),(115,115,'2016-04-24',93.26),(116,116,'2016-04-24',50.21),(117,117,'2016-04-24',39.40),(118,118,'2016-04-24',51.47),(119,119,'2016-04-24',30.75),(120,120,'2016-04-24',119.94),(121,121,'2016-05-24',91.86),(122,122,'2016-05-24',110.29),(123,123,'2016-05-24',70.03),(124,124,'2016-05-24',32.38),(125,125,'2016-05-24',90.10),(126,126,'2016-05-24',111.63),(127,127,'2016-05-24',45.26),(128,128,'2016-05-24',110.11),(129,129,'2016-05-24',50.52),(130,130,'2016-05-24',90.58),(131,131,'2016-05-24',63.73),(132,132,'2016-05-24',81.62),(133,133,'2016-05-24',103.32),(134,134,'2016-05-24',64.04),(135,135,'2016-05-24',92.21),(136,136,'2016-05-24',87.07),(137,137,'2016-05-24',58.19),(138,138,'2016-05-24',60.21),(139,139,'2016-05-24',23.20),(140,140,'2016-05-24',35.81),(141,141,'2016-05-24',105.62),(142,142,'2016-05-24',44.23),(143,143,'2016-05-24',57.75),(144,144,'2016-05-24',41.39),(145,145,'2016-05-24',97.44),(146,146,'2016-05-24',26.62),(147,147,'2016-05-24',43.96),(148,148,'2016-05-24',72.70),(149,149,'2016-05-24',101.58),(150,150,'2016-05-24',107.49),(151,151,'2016-05-24',35.15),(152,152,'2016-06-24',25.98),(153,153,'2016-06-24',86.57),(154,154,'2016-06-24',81.49),(155,155,'2016-06-24',64.35),(156,156,'2016-06-24',101.54),(157,157,'2016-06-24',52.55),(158,158,'2016-06-24',73.56),(159,159,'2016-06-24',24.62),(160,160,'2016-06-24',78.62),(161,161,'2016-06-24',91.67),(162,162,'2016-06-24',29.46),(163,163,'2016-06-24',34.92),(164,164,'2016-06-24',70.77),(165,165,'2016-06-24',58.31),(166,166,'2016-06-24',82.47),(167,167,'2016-06-24',29.11),(168,168,'2016-06-24',55.64),(169,169,'2016-06-24',111.47),(170,170,'2016-06-24',106.51),(171,171,'2016-06-24',43.83),(172,172,'2016-06-24',40.83),(173,173,'2016-06-24',35.83),(174,174,'2016-06-24',86.04),(175,175,'2016-06-24',95.55),(176,176,'2016-06-24',39.43),(177,177,'2016-06-24',43.32),(178,178,'2016-06-24',59.78),(179,179,'2016-06-24',109.38),(180,180,'2016-06-24',98.61),(181,181,'2016-06-24',74.85),(182,182,'2016-07-24',78.15),(183,183,'2016-07-24',45.31),(184,184,'2016-07-24',84.45),(185,185,'2016-07-24',33.25),(186,186,'2016-07-24',107.86),(187,187,'2016-07-24',107.78),(188,188,'2016-07-24',104.99),(189,189,'2016-07-24',82.77),(190,190,'2016-07-24',111.19),(191,191,'2016-07-24',74.91),(192,192,'2016-07-24',24.75),(193,193,'2016-07-24',56.17),(194,194,'2016-07-24',80.24),(195,195,'2016-07-24',80.04),(196,196,'2016-07-24',76.83),(197,197,'2016-07-24',87.76),(198,198,'2016-07-24',90.52),(199,199,'2016-07-24',87.55),(200,200,'2016-07-24',67.43),(201,201,'2016-07-24',46.32),(202,202,'2016-07-24',79.44),(203,203,'2016-07-24',53.44),(204,204,'2016-07-24',46.75),(205,205,'2016-07-24',97.11),(206,206,'2016-07-24',20.59),(207,207,'2016-07-24',86.19),(208,208,'2016-07-24',113.79),(209,209,'2016-07-24',59.66),(210,210,'2016-07-24',85.34),(211,211,'2016-07-24',25.88),(212,212,'2016-07-24',93.36),(213,213,'2016-08-24',101.34),(214,214,'2016-08-24',93.50),(215,215,'2016-08-24',23.77),(216,216,'2016-08-24',103.07),(217,217,'2016-08-24',57.13),(218,218,'2016-08-24',78.49),(219,219,'2016-08-24',59.62),(220,220,'2016-08-24',84.08),(221,221,'2016-08-24',66.61),(222,222,'2016-08-24',21.36),(223,223,'2016-08-24',36.18),(224,224,'2016-08-24',29.21),(225,225,'2016-08-24',52.72),(226,226,'2016-08-24',34.22),(227,227,'2016-08-24',56.02),(228,228,'2016-08-24',75.09),(229,229,'2016-08-24',78.08),(230,230,'2016-08-24',26.93),(231,231,'2016-08-24',100.18),(232,232,'2016-08-24',67.02),(233,233,'2016-08-24',87.48),(234,234,'2016-08-24',61.62),(235,235,'2016-08-24',29.80),(236,236,'2016-08-24',105.60),(237,237,'2016-08-24',112.67),(238,238,'2016-08-24',53.65),(239,239,'2016-08-24',72.57),(240,240,'2016-08-24',106.67),(241,241,'2016-08-24',43.76),(242,242,'2016-08-24',35.00),(243,243,'2016-08-24',22.41),(244,244,'2016-09-24',41.68),(245,245,'2016-09-24',42.45),(246,246,'2016-09-24',74.63),(247,247,'2016-09-24',58.07),(248,248,'2016-09-24',109.76),(249,249,'2016-09-24',102.63),(250,250,'2016-09-24',32.59),(251,251,'2016-09-24',113.10),(252,252,'2016-09-24',57.28),(253,253,'2016-09-24',105.51),(254,254,'2016-09-24',32.39),(255,255,'2016-09-24',40.67),(256,256,'2016-09-24',45.14),(257,257,'2016-09-24',47.33),(258,258,'2016-09-24',100.18),(259,259,'2016-09-24',52.24),(260,260,'2016-09-24',107.68),(261,261,'2016-09-24',72.84),(262,262,'2016-09-24',65.32),(263,263,'2016-09-24',51.44),(264,264,'2016-09-24',54.59),(265,265,'2016-09-24',87.97),(266,266,'2016-09-24',21.11),(267,267,'2016-09-24',32.73),(268,268,'2016-09-24',107.51),(269,269,'2016-09-24',88.65),(270,270,'2016-09-24',113.95),(271,271,'2016-09-24',74.34),(272,272,'2016-09-24',29.22),(273,273,'2016-09-24',52.96),(274,274,'2016-10-24',45.81),(275,275,'2016-10-24',58.96),(276,276,'2016-10-24',42.53),(277,277,'2016-10-24',43.08),(278,278,'2016-10-24',38.45),(279,279,'2016-10-24',22.60),(280,280,'2016-10-24',64.38),(281,281,'2016-10-24',23.12),(282,282,'2016-10-24',92.56),(283,283,'2016-10-24',54.75),(284,284,'2016-10-24',92.21),(285,285,'2016-10-24',59.28),(286,286,'2016-10-24',113.00),(287,287,'2016-10-24',94.56),(288,288,'2016-10-24',65.42),(289,289,'2016-10-24',86.92),(290,290,'2016-10-24',83.71),(291,291,'2016-10-24',90.13),(292,292,'2016-10-24',28.54),(293,293,'2016-10-24',77.53),(294,294,'2016-10-24',30.86),(295,295,'2016-10-24',30.08),(296,296,'2016-10-24',99.15),(297,297,'2016-10-24',32.52),(298,298,'2016-10-24',103.86),(299,299,'2016-10-24',111.12),(300,300,'2016-10-24',117.62),(301,301,'2016-10-24',87.76),(302,302,'2016-10-24',109.79),(303,303,'2016-10-24',47.17),(304,304,'2016-10-24',39.73),(305,305,'2016-11-24',57.93),(306,306,'2016-11-24',80.74),(307,307,'2016-11-24',88.13),(308,308,'2016-11-24',98.52),(309,309,'2016-11-24',61.77),(310,310,'2016-11-24',82.27),(311,311,'2016-11-24',118.11),(312,312,'2016-11-24',42.00),(313,313,'2016-11-24',41.11),(314,314,'2016-11-24',52.56),(315,315,'2016-11-24',48.94),(316,316,'2016-11-24',58.22),(317,317,'2016-11-24',44.72),(318,318,'2016-11-24',38.71),(319,319,'2016-11-24',21.97),(320,320,'2016-11-24',55.76),(321,321,'2016-11-24',86.91),(322,322,'2016-11-24',28.31),(323,323,'2016-11-24',77.41),(324,324,'2016-11-24',83.19),(325,325,'2016-11-24',81.96),(326,326,'2016-11-24',22.97),(327,327,'2016-11-24',101.51),(328,328,'2016-11-24',52.66),(329,329,'2016-11-24',83.79),(330,330,'2016-11-24',48.42),(331,331,'2016-11-24',77.25),(332,332,'2016-11-24',76.32),(333,333,'2016-11-24',92.49),(334,334,'2016-11-24',27.76),(335,335,'2016-12-24',46.10),(336,336,'2016-12-24',51.68),(337,337,'2016-12-24',33.57),(338,338,'2016-12-24',32.55),(339,339,'2016-12-24',43.90),(340,340,'2016-12-24',34.02),(341,341,'2016-12-24',56.31),(342,342,'2016-12-24',79.69),(343,343,'2016-12-24',112.98),(344,344,'2016-12-24',90.91),(345,345,'2016-12-24',67.62),(346,346,'2016-12-24',104.57),(347,347,'2016-12-24',107.15),(348,348,'2016-12-24',38.15),(349,349,'2016-12-24',34.49),(350,350,'2016-12-24',67.36),(351,351,'2016-12-24',119.82),(352,352,'2016-12-24',23.91),(353,353,'2016-12-24',102.33),(354,354,'2016-12-24',20.42),(355,355,'2016-12-24',71.28),(356,356,'2016-12-24',106.12),(357,357,'2016-12-24',97.96),(358,358,'2016-12-24',53.38),(359,359,'2016-12-24',89.13),(360,360,'2016-12-24',54.42),(361,361,'2016-12-24',116.71),(362,362,'2016-12-24',106.85),(363,363,'2016-12-24',25.28),(364,364,'2016-12-24',62.10),(365,365,'2016-12-24',53.40);
/*!40000 ALTER TABLE `liquida` ENABLE KEYS */;
UNLOCK TABLES;

--
-- Table structure for table `polcliente`
--

DROP TABLE IF EXISTS `polcliente`;
/*!40101 SET @saved_cs_client     = @@character_set_client */;
/*!40101 SET character_set_client = utf8 */;
CREATE TABLE `polcliente` (
  `poliza` int(11) NOT NULL,
  `certificado` int(11) NOT NULL,
  `codcliente` int(11) NOT NULL,
  `fechaAlta` date NOT NULL,
  `fechaBaja` date DEFAULT NULL,
  `tipo` varchar(2) DEFAULT NULL,
  KEY `fk_polcliente_1_idx` (`codcliente`),
  KEY `fk_polcliente_2_idx` (`poliza`,`certificado`),
  KEY `fk_polcliente_3_idx` (`tipo`),
  CONSTRAINT `fk_polcliente_1` FOREIGN KEY (`codcliente`) REFERENCES `clientes` (`idclientes`) ON DELETE NO ACTION ON UPDATE NO ACTION,
  CONSTRAINT `fk_polcliente_2` FOREIGN KEY (`poliza`, `certificado`) REFERENCES `polizas` (`poliza`, `certificado`) ON DELETE NO ACTION ON UPDATE NO ACTION,
  CONSTRAINT `fk_polcliente_3` FOREIGN KEY (`tipo`) REFERENCES `tiporelacion` (`codigo`) ON DELETE NO ACTION ON UPDATE NO ACTION
) ENGINE=InnoDB DEFAULT CHARSET=latin1;
/*!40101 SET character_set_client = @saved_cs_client */;

--
-- Dumping data for table `polcliente`
--

LOCK TABLES `polcliente` WRITE;
/*!40000 ALTER TABLE `polcliente` DISABLE KEYS */;
INSERT INTO `polcliente` VALUES (1,10,1,'2015-01-24',NULL,'T'),(2,10,2,'2015-01-28',NULL,'T'),(3,10,3,'2013-11-23',NULL,'T'),(4,10,4,'2014-11-26',NULL,'T'),(5,10,5,'2015-07-15',NULL,'T'),(6,10,6,'2013-11-08',NULL,'T'),(7,10,7,'2014-04-28',NULL,'T'),(8,10,8,'2016-01-15',NULL,'T'),(9,10,9,'2015-12-28',NULL,'T'),(10,10,10,'2015-04-13',NULL,'T'),(11,10,11,'2014-03-23',NULL,'T'),(12,10,12,'2014-01-24',NULL,'T'),(13,10,13,'2016-04-29',NULL,'T'),(14,10,14,'2014-09-08',NULL,'T'),(15,10,15,'2016-04-04',NULL,'T'),(16,10,16,'2015-12-10',NULL,'T'),(17,10,17,'2014-03-22',NULL,'T'),(18,10,18,'2016-06-01',NULL,'T'),(19,10,19,'2014-05-10',NULL,'T'),(20,10,20,'2014-04-04',NULL,'T'),(21,10,21,'2013-11-10',NULL,'T'),(22,10,22,'2015-04-14',NULL,'T'),(23,10,23,'2014-06-17',NULL,'T'),(24,10,24,'2013-12-29',NULL,'T'),(25,10,25,'2015-07-19',NULL,'T'),(26,10,26,'2016-05-27',NULL,'T'),(27,10,27,'2015-09-24',NULL,'T'),(28,10,28,'2016-03-30',NULL,'T'),(29,10,29,'2015-06-24',NULL,'T'),(30,10,30,'2014-11-23',NULL,'T'),(31,10,31,'2016-03-15',NULL,'T'),(32,10,32,'2014-03-23',NULL,'T'),(33,10,33,'2013-10-24',NULL,'T'),(34,10,34,'2015-03-11',NULL,'T'),(35,10,35,'2014-08-28',NULL,'T'),(36,10,36,'2015-04-28',NULL,'T'),(37,10,37,'2014-03-07',NULL,'T'),(38,10,38,'2013-10-11',NULL,'T'),(39,10,39,'2014-03-27',NULL,'T'),(40,10,40,'2016-01-03',NULL,'T'),(41,10,41,'2013-11-03',NULL,'T'),(42,10,42,'2015-05-04',NULL,'T'),(43,10,43,'2015-12-10',NULL,'T'),(44,10,44,'2014-09-13',NULL,'T'),(45,10,45,'2015-02-22',NULL,'T'),(46,10,46,'2014-10-18',NULL,'T'),(47,10,47,'2014-07-10',NULL,'T'),(48,10,48,'2013-10-13',NULL,'T'),(49,10,49,'2016-06-09',NULL,'T'),(50,10,50,'2014-05-05',NULL,'T'),(51,10,51,'2015-12-13',NULL,'T'),(52,10,52,'2016-03-24',NULL,'T'),(53,10,53,'2014-07-13',NULL,'T'),(54,10,54,'2014-02-12',NULL,'T'),(55,10,55,'2014-03-11',NULL,'T'),(56,10,56,'2016-05-22',NULL,'T'),(57,10,57,'2014-05-01',NULL,'T'),(58,10,58,'2016-06-13',NULL,'T'),(59,10,59,'2013-11-26',NULL,'T'),(60,10,60,'2014-08-05',NULL,'T'),(61,10,61,'2015-03-07',NULL,'T'),(62,10,62,'2015-11-16',NULL,'T'),(63,10,63,'2014-10-14',NULL,'T'),(64,10,64,'2015-04-01',NULL,'T'),(65,10,65,'2014-12-18',NULL,'T'),(66,10,66,'2015-02-26',NULL,'T'),(67,10,67,'2014-02-27',NULL,'T'),(68,10,68,'2015-05-20',NULL,'T'),(69,10,69,'2015-06-19',NULL,'T'),(70,10,70,'2015-09-23',NULL,'T'),(71,10,71,'2014-11-07',NULL,'T'),(72,10,72,'2014-01-27',NULL,'T'),(73,10,73,'2016-01-03',NULL,'T'),(74,10,74,'2014-08-23',NULL,'T'),(75,10,75,'2016-02-14',NULL,'T'),(76,10,76,'2014-12-17',NULL,'T'),(77,10,77,'2015-02-05',NULL,'T'),(78,10,78,'2015-02-03',NULL,'T'),(79,10,79,'2015-07-03',NULL,'T'),(80,10,80,'2013-12-08',NULL,'T'),(81,10,81,'2016-06-23',NULL,'T'),(82,10,82,'2014-06-26',NULL,'T'),(83,10,83,'2016-01-23',NULL,'T'),(84,10,84,'2016-02-07',NULL,'T'),(85,10,85,'2014-07-07',NULL,'T'),(86,10,86,'2015-07-31',NULL,'T'),(87,10,87,'2013-11-08',NULL,'T'),(88,10,88,'2016-02-15',NULL,'T'),(89,10,89,'2015-01-01',NULL,'T'),(90,10,90,'2014-05-11',NULL,'T'),(91,10,91,'2015-05-27',NULL,'T'),(92,10,92,'2014-11-03',NULL,'T'),(93,10,93,'2014-07-15',NULL,'T'),(94,10,94,'2015-01-24',NULL,'T'),(95,10,95,'2013-12-19',NULL,'T'),(96,10,96,'2014-01-09',NULL,'T'),(97,10,97,'2016-05-29',NULL,'T'),(98,10,98,'2015-08-28',NULL,'T'),(99,10,99,'2014-02-15',NULL,'T'),(100,10,100,'2015-01-01',NULL,'T'),(101,10,101,'2015-01-26',NULL,'T'),(102,10,102,'2016-03-28',NULL,'T'),(103,10,103,'2015-11-26',NULL,'T'),(104,10,104,'2015-03-09',NULL,'T'),(105,10,105,'2014-03-13',NULL,'T'),(106,10,106,'2015-08-26',NULL,'T'),(107,10,107,'2015-10-07',NULL,'T'),(108,10,108,'2014-05-22',NULL,'T'),(109,10,109,'2016-02-15',NULL,'T'),(110,10,110,'2016-02-12',NULL,'T'),(111,10,111,'2014-12-25',NULL,'T'),(112,10,112,'2015-02-08',NULL,'T'),(113,10,113,'2015-08-16',NULL,'T'),(114,10,114,'2014-07-27',NULL,'T'),(115,10,115,'2014-06-02',NULL,'T'),(116,10,116,'2016-02-22',NULL,'T'),(117,10,117,'2014-11-05',NULL,'T'),(118,10,118,'2016-02-29',NULL,'T'),(119,10,119,'2014-08-03',NULL,'T'),(120,10,120,'2014-02-02',NULL,'T'),(121,10,121,'2016-05-15',NULL,'T'),(122,10,122,'2016-04-11',NULL,'T'),(123,10,123,'2013-12-25',NULL,'T'),(124,10,124,'2014-08-19',NULL,'T'),(125,10,125,'2014-04-26',NULL,'T'),(126,10,126,'2016-04-10',NULL,'T'),(127,10,127,'2015-05-20',NULL,'T'),(128,10,128,'2014-03-19',NULL,'T'),(129,10,129,'2014-12-25',NULL,'T'),(130,10,130,'2016-02-19',NULL,'T'),(131,10,131,'2014-02-18',NULL,'T'),(132,10,132,'2014-11-06',NULL,'T'),(133,10,133,'2015-12-20',NULL,'T'),(134,10,134,'2015-10-27',NULL,'T'),(135,10,135,'2013-10-30',NULL,'T'),(136,10,136,'2015-09-28',NULL,'T'),(137,10,137,'2016-01-25',NULL,'T'),(138,10,138,'2013-12-22',NULL,'T'),(139,10,139,'2016-06-07',NULL,'T'),(140,10,140,'2014-09-23',NULL,'T'),(141,10,141,'2013-12-05',NULL,'T'),(142,10,142,'2015-09-01',NULL,'T'),(143,10,143,'2015-11-08',NULL,'T'),(144,10,144,'2015-09-30',NULL,'T'),(145,10,145,'2016-06-20',NULL,'T'),(146,10,146,'2014-12-01',NULL,'T'),(147,10,147,'2013-11-11',NULL,'T'),(148,10,148,'2015-12-18',NULL,'T'),(149,10,149,'2014-12-12',NULL,'T'),(150,10,150,'2015-10-12',NULL,'T'),(151,10,151,'2015-05-07',NULL,'T'),(152,10,152,'2014-09-13',NULL,'T'),(153,10,153,'2015-09-16',NULL,'T'),(154,10,154,'2014-08-25',NULL,'T'),(155,10,155,'2014-09-15',NULL,'T'),(156,10,156,'2015-12-16',NULL,'T'),(157,10,157,'2016-01-20',NULL,'T'),(158,10,158,'2014-10-24',NULL,'T'),(159,10,159,'2014-02-13',NULL,'T'),(160,10,160,'2014-04-13',NULL,'T'),(161,10,161,'2015-12-10',NULL,'T'),(162,10,162,'2014-12-06',NULL,'T'),(163,10,163,'2014-07-19',NULL,'T'),(164,10,164,'2016-01-03',NULL,'T'),(165,10,165,'2015-02-22',NULL,'T'),(166,10,166,'2014-11-30',NULL,'T'),(167,10,167,'2015-09-28',NULL,'T'),(168,10,168,'2015-09-13',NULL,'T'),(169,10,169,'2016-06-12',NULL,'T'),(170,10,170,'2015-08-14',NULL,'T'),(171,10,171,'2015-05-12',NULL,'T'),(172,10,172,'2014-12-24',NULL,'T'),(173,10,173,'2013-12-01',NULL,'T'),(174,10,174,'2013-12-03',NULL,'T'),(175,10,175,'2014-05-12',NULL,'T'),(176,10,176,'2015-09-11',NULL,'T'),(177,10,177,'2015-11-29',NULL,'T'),(178,10,178,'2014-06-16',NULL,'T'),(179,10,179,'2015-09-09',NULL,'T'),(180,10,180,'2013-12-07',NULL,'T'),(181,10,181,'2015-09-10',NULL,'T'),(182,10,182,'2015-04-09',NULL,'T'),(183,10,183,'2016-05-17',NULL,'T'),(184,10,184,'2015-04-27',NULL,'T'),(185,10,185,'2016-06-06',NULL,'T'),(186,10,186,'2016-02-27',NULL,'T'),(187,10,187,'2015-11-01',NULL,'T'),(188,10,188,'2015-04-03',NULL,'T'),(189,10,189,'2014-12-25',NULL,'T'),(190,10,190,'2014-12-10',NULL,'T'),(191,10,191,'2013-11-17',NULL,'T'),(192,10,192,'2015-01-20',NULL,'T'),(193,10,193,'2015-11-01',NULL,'T'),(194,10,194,'2015-07-31',NULL,'T'),(195,10,195,'2015-05-22',NULL,'T'),(196,10,196,'2014-10-19',NULL,'T'),(197,10,197,'2016-01-26',NULL,'T'),(198,10,198,'2014-12-27',NULL,'T'),(199,10,199,'2013-11-19',NULL,'T'),(200,10,200,'2015-10-05',NULL,'T'),(201,10,201,'2014-05-05',NULL,'T'),(202,10,202,'2013-12-14',NULL,'T'),(203,10,203,'2015-12-19',NULL,'T'),(204,10,204,'2016-04-07',NULL,'T'),(205,10,205,'2016-04-20',NULL,'T'),(206,10,206,'2014-09-14',NULL,'T'),(207,10,207,'2014-08-26',NULL,'T'),(208,10,208,'2016-06-17',NULL,'T'),(209,10,209,'2015-03-27',NULL,'T'),(210,10,210,'2014-12-07',NULL,'T'),(211,10,211,'2016-06-11',NULL,'T'),(212,10,212,'2015-05-29',NULL,'T'),(213,10,213,'2014-02-22',NULL,'T'),(214,10,214,'2016-02-06',NULL,'T'),(215,10,215,'2014-10-17',NULL,'T'),(216,10,216,'2015-11-19',NULL,'T'),(217,10,217,'2015-12-03',NULL,'T'),(218,10,218,'2015-05-22',NULL,'T'),(219,10,219,'2014-08-31',NULL,'T'),(220,10,220,'2015-03-03',NULL,'T'),(221,10,221,'2014-10-20',NULL,'T'),(222,10,222,'2015-12-22',NULL,'T'),(223,10,223,'2014-02-23',NULL,'T'),(224,10,224,'2016-05-04',NULL,'T'),(225,10,225,'2014-08-17',NULL,'T'),(226,10,226,'2015-03-25',NULL,'T'),(227,10,227,'2015-01-28',NULL,'T'),(228,10,228,'2014-06-07',NULL,'T'),(229,10,229,'2013-12-02',NULL,'T'),(230,10,230,'2016-01-30',NULL,'T'),(231,10,231,'2015-08-02',NULL,'T'),(232,10,232,'2015-12-16',NULL,'T'),(233,10,233,'2014-12-21',NULL,'T'),(234,10,234,'2014-03-17',NULL,'T'),(235,10,235,'2013-12-19',NULL,'T'),(236,10,236,'2014-04-03',NULL,'T'),(237,10,237,'2016-03-19',NULL,'T'),(238,10,238,'2015-12-20',NULL,'T'),(239,10,239,'2013-12-10',NULL,'T'),(240,10,240,'2015-05-18',NULL,'T'),(241,10,241,'2016-04-28',NULL,'T'),(242,10,242,'2014-08-08',NULL,'T'),(243,10,243,'2015-06-23',NULL,'T'),(244,10,244,'2016-03-08',NULL,'T'),(245,10,245,'2014-04-13',NULL,'T'),(246,10,246,'2015-12-17',NULL,'T'),(247,10,247,'2014-04-11',NULL,'T'),(248,10,248,'2013-11-22',NULL,'T'),(249,10,249,'2016-02-29',NULL,'T'),(250,10,250,'2015-04-09',NULL,'T'),(251,10,251,'2014-05-09',NULL,'T'),(252,10,252,'2014-05-21',NULL,'T'),(253,10,253,'2015-01-03',NULL,'T'),(254,10,254,'2016-04-22',NULL,'T'),(255,10,255,'2015-01-02',NULL,'T'),(256,10,256,'2016-06-22',NULL,'T'),(257,10,257,'2015-07-31',NULL,'T'),(258,10,258,'2015-07-08',NULL,'T'),(259,10,259,'2015-03-16',NULL,'T'),(260,10,260,'2016-06-19',NULL,'T'),(261,10,261,'2015-06-01',NULL,'T'),(262,10,262,'2015-06-11',NULL,'T'),(263,10,263,'2014-01-17',NULL,'T'),(264,10,264,'2013-12-20',NULL,'T'),(265,10,265,'2014-03-26',NULL,'T'),(266,10,266,'2014-12-16',NULL,'T'),(267,10,267,'2013-10-28',NULL,'T'),(268,10,268,'2015-10-22',NULL,'T'),(269,10,269,'2014-09-22',NULL,'T'),(270,10,270,'2015-09-09',NULL,'T'),(271,10,271,'2015-01-19',NULL,'T'),(272,10,272,'2016-06-18',NULL,'T'),(273,10,273,'2014-03-02',NULL,'T'),(274,10,274,'2014-01-18',NULL,'T'),(275,10,275,'2015-04-22',NULL,'T'),(276,10,276,'2015-11-01',NULL,'T'),(277,10,277,'2015-07-04',NULL,'T'),(278,10,278,'2015-11-28',NULL,'T'),(279,10,279,'2014-06-02',NULL,'T'),(280,10,280,'2014-11-17',NULL,'T'),(281,10,281,'2014-10-10',NULL,'T'),(282,10,282,'2014-01-29',NULL,'T'),(283,10,283,'2015-01-31',NULL,'T'),(284,10,284,'2015-01-23',NULL,'T'),(285,10,285,'2013-12-22',NULL,'T'),(286,10,286,'2013-12-26',NULL,'T'),(287,10,287,'2013-10-27',NULL,'T'),(288,10,288,'2015-12-08',NULL,'T'),(289,10,289,'2014-08-09',NULL,'T'),(290,10,290,'2014-07-08',NULL,'T'),(291,10,291,'2014-11-22',NULL,'T'),(292,10,292,'2013-12-20',NULL,'T'),(293,10,293,'2014-02-12',NULL,'T'),(294,10,294,'2016-03-18',NULL,'T'),(295,10,295,'2013-10-08',NULL,'T'),(296,10,296,'2015-08-06',NULL,'T'),(297,10,297,'2015-01-19',NULL,'T'),(298,10,298,'2014-12-09',NULL,'T'),(299,10,299,'2014-12-23',NULL,'T'),(300,10,300,'2014-02-04',NULL,'T'),(301,10,301,'2015-05-24',NULL,'T'),(302,10,302,'2016-04-13',NULL,'T'),(303,10,303,'2016-05-07',NULL,'T'),(304,10,304,'2015-03-04',NULL,'T'),(305,10,305,'2015-09-03',NULL,'T'),(306,10,306,'2015-03-22',NULL,'T'),(307,10,307,'2013-12-23',NULL,'T'),(308,10,308,'2014-03-09',NULL,'T'),(309,10,309,'2014-07-27',NULL,'T'),(310,10,310,'2014-04-13',NULL,'T'),(311,10,311,'2015-11-21',NULL,'T'),(312,10,312,'2014-09-13',NULL,'T'),(313,10,313,'2015-08-03',NULL,'T'),(314,10,314,'2015-12-07',NULL,'T'),(315,10,315,'2016-05-21',NULL,'T'),(316,10,316,'2013-12-18',NULL,'T'),(317,10,317,'2015-03-15',NULL,'T'),(318,10,318,'2014-10-19',NULL,'T'),(319,10,319,'2015-05-31',NULL,'T'),(320,10,320,'2014-09-05',NULL,'T'),(321,10,321,'2016-04-02',NULL,'T'),(322,10,322,'2015-08-01',NULL,'T'),(323,10,323,'2013-12-03',NULL,'T'),(324,10,324,'2014-11-09',NULL,'T'),(325,10,325,'2014-07-15',NULL,'T'),(326,10,326,'2014-03-30',NULL,'T'),(327,10,327,'2015-08-11',NULL,'T'),(328,10,328,'2014-08-19',NULL,'T'),(329,10,329,'2014-10-24',NULL,'T'),(330,10,330,'2014-07-14',NULL,'T'),(331,10,331,'2014-01-22',NULL,'T'),(332,10,332,'2014-12-19',NULL,'T'),(333,10,333,'2014-08-15',NULL,'T'),(334,10,334,'2014-09-20',NULL,'T'),(335,10,335,'2014-09-14',NULL,'T'),(336,10,336,'2015-11-15',NULL,'T'),(337,10,337,'2015-09-20',NULL,'T'),(338,10,338,'2015-05-12',NULL,'T'),(339,10,339,'2015-05-20',NULL,'T'),(340,10,340,'2014-08-04',NULL,'T'),(341,10,341,'2016-05-31',NULL,'T'),(342,10,342,'2015-08-23',NULL,'T'),(343,10,343,'2015-07-20',NULL,'T'),(344,10,344,'2016-04-04',NULL,'T'),(345,10,345,'2014-11-06',NULL,'T'),(346,10,346,'2015-05-15',NULL,'T'),(347,10,347,'2015-11-04',NULL,'T'),(348,10,348,'2015-06-05',NULL,'T'),(349,10,349,'2015-11-16',NULL,'T'),(350,10,350,'2014-12-28',NULL,'T'),(351,10,351,'2013-11-01',NULL,'T'),(352,10,352,'2016-05-25',NULL,'T'),(353,10,353,'2014-10-12',NULL,'T'),(354,10,354,'2014-09-28',NULL,'T'),(355,10,355,'2014-03-03',NULL,'T'),(356,10,356,'2016-05-08',NULL,'T'),(357,10,357,'2015-03-01',NULL,'T'),(358,10,358,'2015-06-06',NULL,'T'),(359,10,359,'2016-05-12',NULL,'T'),(360,10,360,'2015-01-23',NULL,'T'),(361,10,361,'2015-11-19',NULL,'T'),(362,10,362,'2015-09-09',NULL,'T'),(363,10,363,'2014-10-19',NULL,'T'),(364,10,364,'2015-01-02',NULL,'T'),(365,10,365,'2014-02-05',NULL,'T');
/*!40000 ALTER TABLE `polcliente` ENABLE KEYS */;
UNLOCK TABLES;

--
-- Table structure for table `polizas`
--

DROP TABLE IF EXISTS `polizas`;
/*!40101 SET @saved_cs_client     = @@character_set_client */;
/*!40101 SET character_set_client = utf8 */;
CREATE TABLE `polizas` (
  `poliza` int(11) NOT NULL AUTO_INCREMENT,
  `certificado` int(11) NOT NULL,
  `fechaAlta` date NOT NULL,
  `fechaBaja` int(11) DEFAULT NULL,
  `codTipoProd` int(11) NOT NULL,
  `codcopago` int(11) DEFAULT NULL,
  `prima` decimal(10,2) DEFAULT NULL,
  `periodo` varchar(45) DEFAULT NULL,
  `tipopag` varchar(2) DEFAULT NULL,
  PRIMARY KEY (`poliza`,`certificado`),
  KEY `fk_polizas_1_idx` (`codTipoProd`),
  KEY `fk_polizas_2_idx` (`codcopago`),
  KEY `fk_polizas_3_idx` (`tipopag`),
  CONSTRAINT `fk_polizas_1` FOREIGN KEY (`codTipoProd`) REFERENCES `productosalud` (`idproducto`) ON DELETE NO ACTION ON UPDATE NO ACTION,
  CONSTRAINT `fk_polizas_2` FOREIGN KEY (`codcopago`) REFERENCES `tipocopago` (`codtipo`) ON DELETE NO ACTION ON UPDATE NO ACTION,
  CONSTRAINT `fk_polizas_3` FOREIGN KEY (`tipopag`) REFERENCES `tipopago` (`codigo`) ON DELETE NO ACTION ON UPDATE NO ACTION
) ENGINE=InnoDB AUTO_INCREMENT=366 DEFAULT CHARSET=latin1;
/*!40101 SET character_set_client = @saved_cs_client */;

--
-- Dumping data for table `polizas`
--

LOCK TABLES `polizas` WRITE;
/*!40000 ALTER TABLE `polizas` DISABLE KEYS */;
INSERT INTO `polizas` VALUES (1,10,'2015-01-24',NULL,1,NULL,107.20,'2015','M'),(2,10,'2015-01-28',NULL,3,NULL,84.51,'2015','M'),(3,10,'2013-11-23',NULL,3,NULL,74.82,'2013','M'),(4,10,'2014-11-26',NULL,2,NULL,104.44,'2014','M'),(5,10,'2015-07-15',NULL,2,NULL,72.41,'2015','M'),(6,10,'2013-11-08',NULL,1,NULL,74.78,'2013','M'),(7,10,'2014-04-28',NULL,2,NULL,118.34,'2014','M'),(8,10,'2016-01-15',NULL,4,NULL,38.76,'2016','M'),(9,10,'2015-12-28',NULL,3,NULL,41.31,'2015','M'),(10,10,'2015-04-13',NULL,1,NULL,63.30,'2015','M'),(11,10,'2014-03-23',NULL,1,NULL,104.40,'2014','M'),(12,10,'2014-01-24',NULL,1,NULL,104.71,'2014','M'),(13,10,'2016-04-29',NULL,2,NULL,73.63,'2016','M'),(14,10,'2014-09-08',NULL,4,NULL,64.76,'2014','M'),(15,10,'2016-04-04',NULL,2,NULL,93.55,'2016','M'),(16,10,'2015-12-10',NULL,2,NULL,43.25,'2015','M'),(17,10,'2014-03-22',NULL,2,NULL,78.75,'2014','M'),(18,10,'2016-06-01',NULL,2,NULL,56.73,'2016','M'),(19,10,'2014-05-10',NULL,2,NULL,70.31,'2014','M'),(20,10,'2014-04-04',NULL,2,NULL,72.04,'2014','M'),(21,10,'2013-11-10',NULL,1,NULL,30.06,'2013','M'),(22,10,'2015-04-14',NULL,2,NULL,33.81,'2015','M'),(23,10,'2014-06-17',NULL,2,NULL,54.32,'2014','M'),(24,10,'2013-12-29',NULL,1,NULL,44.06,'2013','M'),(25,10,'2015-07-19',NULL,3,NULL,92.10,'2015','M'),(26,10,'2016-05-27',NULL,1,NULL,118.54,'2016','M'),(27,10,'2015-09-24',NULL,1,NULL,89.73,'2015','M'),(28,10,'2016-03-30',NULL,3,NULL,88.35,'2016','M'),(29,10,'2015-06-24',NULL,1,NULL,23.17,'2015','M'),(30,10,'2014-11-23',NULL,1,NULL,35.31,'2014','M'),(31,10,'2016-03-15',NULL,1,NULL,46.66,'2016','M'),(32,10,'2014-03-23',NULL,3,NULL,47.93,'2014','M'),(33,10,'2013-10-24',NULL,2,NULL,95.11,'2013','M'),(34,10,'2015-03-11',NULL,4,NULL,102.83,'2015','M'),(35,10,'2014-08-28',NULL,2,NULL,119.49,'2014','M'),(36,10,'2015-04-28',NULL,1,NULL,119.67,'2015','M'),(37,10,'2014-03-07',NULL,2,NULL,80.72,'2014','M'),(38,10,'2013-10-11',NULL,1,NULL,30.60,'2013','M'),(39,10,'2014-03-27',NULL,1,NULL,74.77,'2014','M'),(40,10,'2016-01-03',NULL,2,NULL,45.20,'2016','M'),(41,10,'2013-11-03',NULL,1,NULL,32.49,'2013','M'),(42,10,'2015-05-04',NULL,1,NULL,92.99,'2015','M'),(43,10,'2015-12-10',NULL,2,NULL,94.91,'2015','M'),(44,10,'2014-09-13',NULL,2,NULL,49.34,'2014','M'),(45,10,'2015-02-22',NULL,3,NULL,46.67,'2015','M'),(46,10,'2014-10-18',NULL,1,NULL,48.84,'2014','M'),(47,10,'2014-07-10',NULL,2,NULL,26.29,'2014','M'),(48,10,'2013-10-13',NULL,2,NULL,85.22,'2013','M'),(49,10,'2016-06-09',NULL,1,NULL,21.87,'2016','M'),(50,10,'2014-05-05',NULL,1,NULL,60.50,'2014','M'),(51,10,'2015-12-13',NULL,2,NULL,109.34,'2015','M'),(52,10,'2016-03-24',NULL,1,NULL,21.47,'2016','M'),(53,10,'2014-07-13',NULL,2,NULL,81.25,'2014','M'),(54,10,'2014-02-12',NULL,1,NULL,94.47,'2014','M'),(55,10,'2014-03-11',NULL,1,NULL,86.75,'2014','M'),(56,10,'2016-05-22',NULL,3,NULL,54.61,'2016','M'),(57,10,'2014-05-01',NULL,2,NULL,88.30,'2014','M'),(58,10,'2016-06-13',NULL,1,NULL,101.61,'2016','M'),(59,10,'2013-11-26',NULL,2,NULL,119.28,'2013','M'),(60,10,'2014-08-05',NULL,2,NULL,44.12,'2014','M'),(61,10,'2015-03-07',NULL,1,NULL,20.11,'2015','M'),(62,10,'2015-11-16',NULL,1,NULL,30.27,'2015','M'),(63,10,'2014-10-14',NULL,3,NULL,67.94,'2014','M'),(64,10,'2015-04-01',NULL,3,NULL,73.42,'2015','M'),(65,10,'2014-12-18',NULL,3,NULL,119.75,'2014','M'),(66,10,'2015-02-26',NULL,2,NULL,71.09,'2015','M'),(67,10,'2014-02-27',NULL,2,NULL,27.17,'2014','M'),(68,10,'2015-05-20',NULL,1,NULL,28.54,'2015','M'),(69,10,'2015-06-19',NULL,1,NULL,118.97,'2015','M'),(70,10,'2015-09-23',NULL,3,NULL,51.55,'2015','M'),(71,10,'2014-11-07',NULL,3,NULL,104.36,'2014','M'),(72,10,'2014-01-27',NULL,1,NULL,100.57,'2014','M'),(73,10,'2016-01-03',NULL,3,NULL,48.04,'2016','M'),(74,10,'2014-08-23',NULL,1,NULL,20.76,'2014','M'),(75,10,'2016-02-14',NULL,2,NULL,29.97,'2016','M'),(76,10,'2014-12-17',NULL,3,NULL,96.63,'2014','M'),(77,10,'2015-02-05',NULL,1,NULL,62.78,'2015','M'),(78,10,'2015-02-03',NULL,2,NULL,101.70,'2015','M'),(79,10,'2015-07-03',NULL,1,NULL,92.57,'2015','M'),(80,10,'2013-12-08',NULL,1,NULL,78.32,'2013','M'),(81,10,'2016-06-23',NULL,3,NULL,60.03,'2016','M'),(82,10,'2014-06-26',NULL,3,NULL,37.04,'2014','M'),(83,10,'2016-01-23',NULL,3,NULL,97.73,'2016','M'),(84,10,'2016-02-07',NULL,3,NULL,32.13,'2016','M'),(85,10,'2014-07-07',NULL,2,NULL,111.17,'2014','M'),(86,10,'2015-07-31',NULL,1,NULL,86.21,'2015','M'),(87,10,'2013-11-08',NULL,1,NULL,61.02,'2013','M'),(88,10,'2016-02-15',NULL,1,NULL,108.33,'2016','M'),(89,10,'2015-01-01',NULL,1,NULL,87.33,'2015','M'),(90,10,'2014-05-11',NULL,1,NULL,39.92,'2014','M'),(91,10,'2015-05-27',NULL,1,NULL,58.19,'2015','M'),(92,10,'2014-11-03',NULL,2,NULL,51.98,'2014','M'),(93,10,'2014-07-15',NULL,1,NULL,36.79,'2014','M'),(94,10,'2015-01-24',NULL,2,NULL,100.95,'2015','M'),(95,10,'2013-12-19',NULL,2,NULL,91.58,'2013','M'),(96,10,'2014-01-09',NULL,3,NULL,58.94,'2014','M'),(97,10,'2016-05-29',NULL,2,NULL,109.45,'2016','M'),(98,10,'2015-08-28',NULL,3,NULL,24.75,'2015','M'),(99,10,'2014-02-15',NULL,1,NULL,34.55,'2014','M'),(100,10,'2015-01-01',NULL,3,NULL,58.47,'2015','M'),(101,10,'2015-01-26',NULL,1,NULL,41.42,'2015','M'),(102,10,'2016-03-28',NULL,1,NULL,99.17,'2016','M'),(103,10,'2015-11-26',NULL,3,NULL,30.13,'2015','M'),(104,10,'2015-03-09',NULL,2,NULL,21.77,'2015','M'),(105,10,'2014-03-13',NULL,2,NULL,107.48,'2014','M'),(106,10,'2015-08-26',NULL,2,NULL,56.59,'2015','M'),(107,10,'2015-10-07',NULL,2,NULL,24.40,'2015','M'),(108,10,'2014-05-22',NULL,2,NULL,100.85,'2014','M'),(109,10,'2016-02-15',NULL,3,NULL,36.00,'2016','M'),(110,10,'2016-02-12',NULL,2,NULL,118.95,'2016','M'),(111,10,'2014-12-25',NULL,3,NULL,79.99,'2014','M'),(112,10,'2015-02-08',NULL,1,NULL,97.11,'2015','M'),(113,10,'2015-08-16',NULL,1,NULL,70.25,'2015','M'),(114,10,'2014-07-27',NULL,1,NULL,98.94,'2014','M'),(115,10,'2014-06-02',NULL,2,NULL,45.64,'2014','M'),(116,10,'2016-02-22',NULL,1,NULL,65.85,'2016','M'),(117,10,'2014-11-05',NULL,1,NULL,46.40,'2014','M'),(118,10,'2016-02-29',NULL,1,NULL,107.65,'2016','M'),(119,10,'2014-08-03',NULL,1,NULL,62.27,'2014','M'),(120,10,'2014-02-02',NULL,4,NULL,109.53,'2014','M'),(121,10,'2016-05-15',NULL,3,NULL,23.70,'2016','M'),(122,10,'2016-04-11',NULL,3,NULL,88.89,'2016','M'),(123,10,'2013-12-25',NULL,4,NULL,27.19,'2013','M'),(124,10,'2014-08-19',NULL,1,NULL,70.56,'2014','M'),(125,10,'2014-04-26',NULL,1,NULL,78.12,'2014','M'),(126,10,'2016-04-10',NULL,3,NULL,70.77,'2016','M'),(127,10,'2015-05-20',NULL,2,NULL,87.70,'2015','M'),(128,10,'2014-03-19',NULL,2,NULL,112.18,'2014','M'),(129,10,'2014-12-25',NULL,1,NULL,63.51,'2014','M'),(130,10,'2016-02-19',NULL,1,NULL,22.55,'2016','M'),(131,10,'2014-02-18',NULL,2,NULL,93.71,'2014','M'),(132,10,'2014-11-06',NULL,1,NULL,32.66,'2014','M'),(133,10,'2015-12-20',NULL,1,NULL,83.08,'2015','M'),(134,10,'2015-10-27',NULL,4,NULL,78.88,'2015','M'),(135,10,'2013-10-30',NULL,1,NULL,102.16,'2013','M'),(136,10,'2015-09-28',NULL,1,NULL,53.98,'2015','M'),(137,10,'2016-01-25',NULL,3,NULL,88.83,'2016','M'),(138,10,'2013-12-22',NULL,1,NULL,40.75,'2013','M'),(139,10,'2016-06-07',NULL,1,NULL,117.02,'2016','M'),(140,10,'2014-09-23',NULL,1,NULL,90.77,'2014','M'),(141,10,'2013-12-05',NULL,1,NULL,84.07,'2013','M'),(142,10,'2015-09-01',NULL,2,NULL,86.86,'2015','M'),(143,10,'2015-11-08',NULL,1,NULL,47.22,'2015','M'),(144,10,'2015-09-30',NULL,1,NULL,80.99,'2015','M'),(145,10,'2016-06-20',NULL,1,NULL,99.20,'2016','M'),(146,10,'2014-12-01',NULL,2,NULL,110.10,'2014','M'),(147,10,'2013-11-11',NULL,1,NULL,96.27,'2013','M'),(148,10,'2015-12-18',NULL,4,NULL,42.65,'2015','M'),(149,10,'2014-12-12',NULL,2,NULL,68.53,'2014','M'),(150,10,'2015-10-12',NULL,2,NULL,32.99,'2015','M'),(151,10,'2015-05-07',NULL,4,NULL,32.98,'2015','M'),(152,10,'2014-09-13',NULL,2,NULL,99.65,'2014','M'),(153,10,'2015-09-16',NULL,2,NULL,91.88,'2015','M'),(154,10,'2014-08-25',NULL,2,NULL,88.87,'2014','M'),(155,10,'2014-09-15',NULL,2,NULL,66.70,'2014','M'),(156,10,'2015-12-16',NULL,1,NULL,90.09,'2015','M'),(157,10,'2016-01-20',NULL,2,NULL,49.33,'2016','M'),(158,10,'2014-10-24',NULL,2,NULL,60.10,'2014','M'),(159,10,'2014-02-13',NULL,2,NULL,119.17,'2014','M'),(160,10,'2014-04-13',NULL,3,NULL,93.45,'2014','M'),(161,10,'2015-12-10',NULL,1,NULL,42.79,'2015','M'),(162,10,'2014-12-06',NULL,2,NULL,88.82,'2014','M'),(163,10,'2014-07-19',NULL,1,NULL,89.58,'2014','M'),(164,10,'2016-01-03',NULL,1,NULL,83.54,'2016','M'),(165,10,'2015-02-22',NULL,3,NULL,56.17,'2015','M'),(166,10,'2014-11-30',NULL,4,NULL,80.91,'2014','M'),(167,10,'2015-09-28',NULL,1,NULL,55.83,'2015','M'),(168,10,'2015-09-13',NULL,2,NULL,40.45,'2015','M'),(169,10,'2016-06-12',NULL,3,NULL,48.31,'2016','M'),(170,10,'2015-08-14',NULL,2,NULL,30.50,'2015','M'),(171,10,'2015-05-12',NULL,3,NULL,63.90,'2015','M'),(172,10,'2014-12-24',NULL,1,NULL,63.78,'2014','M'),(173,10,'2013-12-01',NULL,1,NULL,59.03,'2013','M'),(174,10,'2013-12-03',NULL,1,NULL,23.04,'2013','M'),(175,10,'2014-05-12',NULL,2,NULL,105.82,'2014','M'),(176,10,'2015-09-11',NULL,1,NULL,73.89,'2015','M'),(177,10,'2015-11-29',NULL,3,NULL,109.63,'2015','M'),(178,10,'2014-06-16',NULL,3,NULL,105.59,'2014','M'),(179,10,'2015-09-09',NULL,1,NULL,54.08,'2015','M'),(180,10,'2013-12-07',NULL,2,NULL,35.52,'2013','M'),(181,10,'2015-09-10',NULL,1,NULL,77.51,'2015','M'),(182,10,'2015-04-09',NULL,2,NULL,89.71,'2015','M'),(183,10,'2016-05-17',NULL,1,NULL,69.28,'2016','M'),(184,10,'2015-04-27',NULL,1,NULL,114.86,'2015','M'),(185,10,'2016-06-06',NULL,1,NULL,66.39,'2016','M'),(186,10,'2016-02-27',NULL,1,NULL,105.45,'2016','M'),(187,10,'2015-11-01',NULL,2,NULL,119.22,'2015','M'),(188,10,'2015-04-03',NULL,2,NULL,93.74,'2015','M'),(189,10,'2014-12-25',NULL,3,NULL,54.50,'2014','M'),(190,10,'2014-12-10',NULL,2,NULL,43.09,'2014','M'),(191,10,'2013-11-17',NULL,1,NULL,81.28,'2013','M'),(192,10,'2015-01-20',NULL,3,NULL,100.34,'2015','M'),(193,10,'2015-11-01',NULL,2,NULL,118.09,'2015','M'),(194,10,'2015-07-31',NULL,3,NULL,88.39,'2015','M'),(195,10,'2015-05-22',NULL,2,NULL,82.66,'2015','M'),(196,10,'2014-10-19',NULL,1,NULL,82.03,'2014','M'),(197,10,'2016-01-26',NULL,1,NULL,29.30,'2016','M'),(198,10,'2014-12-27',NULL,3,NULL,82.25,'2014','M'),(199,10,'2013-11-19',NULL,2,NULL,104.05,'2013','M'),(200,10,'2015-10-05',NULL,4,NULL,40.77,'2015','M'),(201,10,'2014-05-05',NULL,2,NULL,117.40,'2014','M'),(202,10,'2013-12-14',NULL,3,NULL,76.61,'2013','M'),(203,10,'2015-12-19',NULL,2,NULL,25.90,'2015','M'),(204,10,'2016-04-07',NULL,2,NULL,118.03,'2016','M'),(205,10,'2016-04-20',NULL,1,NULL,110.86,'2016','M'),(206,10,'2014-09-14',NULL,1,NULL,119.07,'2014','M'),(207,10,'2014-08-26',NULL,1,NULL,68.18,'2014','M'),(208,10,'2016-06-17',NULL,1,NULL,83.56,'2016','M'),(209,10,'2015-03-27',NULL,1,NULL,105.92,'2015','M'),(210,10,'2014-12-07',NULL,1,NULL,85.61,'2014','M'),(211,10,'2016-06-11',NULL,2,NULL,81.72,'2016','M'),(212,10,'2015-05-29',NULL,1,NULL,105.92,'2015','M'),(213,10,'2014-02-22',NULL,1,NULL,20.46,'2014','M'),(214,10,'2016-02-06',NULL,1,NULL,29.96,'2016','M'),(215,10,'2014-10-17',NULL,1,NULL,21.31,'2014','M'),(216,10,'2015-11-19',NULL,1,NULL,68.50,'2015','M'),(217,10,'2015-12-03',NULL,1,NULL,73.39,'2015','M'),(218,10,'2015-05-22',NULL,4,NULL,62.41,'2015','M'),(219,10,'2014-08-31',NULL,1,NULL,28.18,'2014','M'),(220,10,'2015-03-03',NULL,1,NULL,97.13,'2015','M'),(221,10,'2014-10-20',NULL,1,NULL,67.28,'2014','M'),(222,10,'2015-12-22',NULL,2,NULL,99.55,'2015','M'),(223,10,'2014-02-23',NULL,3,NULL,41.55,'2014','M'),(224,10,'2016-05-04',NULL,2,NULL,108.56,'2016','M'),(225,10,'2014-08-17',NULL,3,NULL,110.59,'2014','M'),(226,10,'2015-03-25',NULL,2,NULL,29.23,'2015','M'),(227,10,'2015-01-28',NULL,2,NULL,82.29,'2015','M'),(228,10,'2014-06-07',NULL,2,NULL,28.66,'2014','M'),(229,10,'2013-12-02',NULL,2,NULL,63.04,'2013','M'),(230,10,'2016-01-30',NULL,1,NULL,68.54,'2016','M'),(231,10,'2015-08-02',NULL,1,NULL,83.83,'2015','M'),(232,10,'2015-12-16',NULL,2,NULL,37.67,'2015','M'),(233,10,'2014-12-21',NULL,2,NULL,32.26,'2014','M'),(234,10,'2014-03-17',NULL,1,NULL,96.39,'2014','M'),(235,10,'2013-12-19',NULL,2,NULL,66.10,'2013','M'),(236,10,'2014-04-03',NULL,1,NULL,72.67,'2014','M'),(237,10,'2016-03-19',NULL,3,NULL,88.91,'2016','M'),(238,10,'2015-12-20',NULL,2,NULL,102.59,'2015','M'),(239,10,'2013-12-10',NULL,3,NULL,69.03,'2013','M'),(240,10,'2015-05-18',NULL,1,NULL,81.14,'2015','M'),(241,10,'2016-04-28',NULL,2,NULL,90.90,'2016','M'),(242,10,'2014-08-08',NULL,2,NULL,96.38,'2014','M'),(243,10,'2015-06-23',NULL,1,NULL,28.34,'2015','M'),(244,10,'2016-03-08',NULL,1,NULL,61.15,'2016','M'),(245,10,'2014-04-13',NULL,3,NULL,109.80,'2014','M'),(246,10,'2015-12-17',NULL,2,NULL,46.56,'2015','M'),(247,10,'2014-04-11',NULL,2,NULL,28.64,'2014','M'),(248,10,'2013-11-22',NULL,1,NULL,76.43,'2013','M'),(249,10,'2016-02-29',NULL,3,NULL,90.35,'2016','M'),(250,10,'2015-04-09',NULL,1,NULL,90.51,'2015','M'),(251,10,'2014-05-09',NULL,2,NULL,118.68,'2014','M'),(252,10,'2014-05-21',NULL,1,NULL,35.18,'2014','M'),(253,10,'2015-01-03',NULL,1,NULL,85.11,'2015','M'),(254,10,'2016-04-22',NULL,2,NULL,82.80,'2016','M'),(255,10,'2015-01-02',NULL,1,NULL,53.57,'2015','M'),(256,10,'2016-06-22',NULL,3,NULL,27.91,'2016','M'),(257,10,'2015-07-31',NULL,1,NULL,21.63,'2015','M'),(258,10,'2015-07-08',NULL,4,NULL,75.64,'2015','M'),(259,10,'2015-03-16',NULL,3,NULL,22.51,'2015','M'),(260,10,'2016-06-19',NULL,2,NULL,105.85,'2016','M'),(261,10,'2015-06-01',NULL,1,NULL,109.50,'2015','M'),(262,10,'2015-06-11',NULL,1,NULL,63.43,'2015','M'),(263,10,'2014-01-17',NULL,1,NULL,76.92,'2014','M'),(264,10,'2013-12-20',NULL,1,NULL,75.26,'2013','M'),(265,10,'2014-03-26',NULL,1,NULL,107.53,'2014','M'),(266,10,'2014-12-16',NULL,1,NULL,21.12,'2014','M'),(267,10,'2013-10-28',NULL,1,NULL,38.34,'2013','M'),(268,10,'2015-10-22',NULL,1,NULL,82.97,'2015','M'),(269,10,'2014-09-22',NULL,2,NULL,52.78,'2014','M'),(270,10,'2015-09-09',NULL,1,NULL,56.87,'2015','M'),(271,10,'2015-01-19',NULL,3,NULL,78.17,'2015','M'),(272,10,'2016-06-18',NULL,2,NULL,87.27,'2016','M'),(273,10,'2014-03-02',NULL,1,NULL,47.68,'2014','M'),(274,10,'2014-01-18',NULL,2,NULL,77.28,'2014','M'),(275,10,'2015-04-22',NULL,2,NULL,93.74,'2015','M'),(276,10,'2015-11-01',NULL,2,NULL,48.80,'2015','M'),(277,10,'2015-07-04',NULL,2,NULL,61.85,'2015','M'),(278,10,'2015-11-28',NULL,1,NULL,61.42,'2015','M'),(279,10,'2014-06-02',NULL,1,NULL,96.72,'2014','M'),(280,10,'2014-11-17',NULL,2,NULL,119.72,'2014','M'),(281,10,'2014-10-10',NULL,2,NULL,72.36,'2014','M'),(282,10,'2014-01-29',NULL,3,NULL,101.79,'2014','M'),(283,10,'2015-01-31',NULL,1,NULL,105.70,'2015','M'),(284,10,'2015-01-23',NULL,2,NULL,59.75,'2015','M'),(285,10,'2013-12-22',NULL,1,NULL,70.93,'2013','M'),(286,10,'2013-12-26',NULL,4,NULL,86.30,'2013','M'),(287,10,'2013-10-27',NULL,3,NULL,79.92,'2013','M'),(288,10,'2015-12-08',NULL,1,NULL,71.73,'2015','M'),(289,10,'2014-08-09',NULL,1,NULL,76.54,'2014','M'),(290,10,'2014-07-08',NULL,2,NULL,84.41,'2014','M'),(291,10,'2014-11-22',NULL,2,NULL,83.51,'2014','M'),(292,10,'2013-12-20',NULL,2,NULL,77.17,'2013','M'),(293,10,'2014-02-12',NULL,2,NULL,31.53,'2014','M'),(294,10,'2016-03-18',NULL,2,NULL,92.37,'2016','M'),(295,10,'2013-10-08',NULL,3,NULL,104.71,'2013','M'),(296,10,'2015-08-06',NULL,2,NULL,60.66,'2015','M'),(297,10,'2015-01-19',NULL,1,NULL,47.61,'2015','M'),(298,10,'2014-12-09',NULL,4,NULL,106.76,'2014','M'),(299,10,'2014-12-23',NULL,1,NULL,90.46,'2014','M'),(300,10,'2014-02-04',NULL,2,NULL,92.37,'2014','M'),(301,10,'2015-05-24',NULL,3,NULL,58.49,'2015','M'),(302,10,'2016-04-13',NULL,1,NULL,84.44,'2016','M'),(303,10,'2016-05-07',NULL,1,NULL,26.53,'2016','M'),(304,10,'2015-03-04',NULL,2,NULL,61.82,'2015','M'),(305,10,'2015-09-03',NULL,1,NULL,107.54,'2015','M'),(306,10,'2015-03-22',NULL,2,NULL,99.64,'2015','M'),(307,10,'2013-12-23',NULL,1,NULL,84.11,'2013','M'),(308,10,'2014-03-09',NULL,1,NULL,59.80,'2014','M'),(309,10,'2014-07-27',NULL,1,NULL,35.61,'2014','M'),(310,10,'2014-04-13',NULL,3,NULL,65.16,'2014','M'),(311,10,'2015-11-21',NULL,1,NULL,21.16,'2015','M'),(312,10,'2014-09-13',NULL,1,NULL,74.71,'2014','M'),(313,10,'2015-08-03',NULL,2,NULL,96.58,'2015','M'),(314,10,'2015-12-07',NULL,1,NULL,93.84,'2015','M'),(315,10,'2016-05-21',NULL,1,NULL,111.29,'2016','M'),(316,10,'2013-12-18',NULL,1,NULL,66.17,'2013','M'),(317,10,'2015-03-15',NULL,1,NULL,45.22,'2015','M'),(318,10,'2014-10-19',NULL,2,NULL,76.64,'2014','M'),(319,10,'2015-05-31',NULL,1,NULL,20.80,'2015','M'),(320,10,'2014-09-05',NULL,2,NULL,79.70,'2014','M'),(321,10,'2016-04-02',NULL,3,NULL,99.82,'2016','M'),(322,10,'2015-08-01',NULL,3,NULL,26.16,'2015','M'),(323,10,'2013-12-03',NULL,1,NULL,30.39,'2013','M'),(324,10,'2014-11-09',NULL,2,NULL,102.77,'2014','M'),(325,10,'2014-07-15',NULL,2,NULL,97.67,'2014','M'),(326,10,'2014-03-30',NULL,2,NULL,118.51,'2014','M'),(327,10,'2015-08-11',NULL,3,NULL,88.44,'2015','M'),(328,10,'2014-08-19',NULL,2,NULL,57.41,'2014','M'),(329,10,'2014-10-24',NULL,3,NULL,25.51,'2014','M'),(330,10,'2014-07-14',NULL,3,NULL,48.23,'2014','M'),(331,10,'2014-01-22',NULL,1,NULL,45.48,'2014','M'),(332,10,'2014-12-19',NULL,3,NULL,101.84,'2014','M'),(333,10,'2014-08-15',NULL,2,NULL,77.16,'2014','M'),(334,10,'2014-09-20',NULL,2,NULL,49.32,'2014','M'),(335,10,'2014-09-14',NULL,2,NULL,47.81,'2014','M'),(336,10,'2015-11-15',NULL,3,NULL,89.06,'2015','M'),(337,10,'2015-09-20',NULL,1,NULL,21.99,'2015','M'),(338,10,'2015-05-12',NULL,2,NULL,46.50,'2015','M'),(339,10,'2015-05-20',NULL,3,NULL,115.01,'2015','M'),(340,10,'2014-08-04',NULL,2,NULL,57.02,'2014','M'),(341,10,'2016-05-31',NULL,3,NULL,114.93,'2016','M'),(342,10,'2015-08-23',NULL,4,NULL,58.63,'2015','M'),(343,10,'2015-07-20',NULL,2,NULL,43.06,'2015','M'),(344,10,'2016-04-04',NULL,1,NULL,77.75,'2016','M'),(345,10,'2014-11-06',NULL,1,NULL,55.47,'2014','M'),(346,10,'2015-05-15',NULL,1,NULL,25.03,'2015','M'),(347,10,'2015-11-04',NULL,2,NULL,29.66,'2015','M'),(348,10,'2015-06-05',NULL,1,NULL,65.35,'2015','M'),(349,10,'2015-11-16',NULL,1,NULL,66.72,'2015','M'),(350,10,'2014-12-28',NULL,2,NULL,51.62,'2014','M'),(351,10,'2013-11-01',NULL,1,NULL,99.32,'2013','M'),(352,10,'2016-05-25',NULL,1,NULL,78.40,'2016','M'),(353,10,'2014-10-12',NULL,3,NULL,21.26,'2014','M'),(354,10,'2014-09-28',NULL,2,NULL,80.09,'2014','M'),(355,10,'2014-03-03',NULL,1,NULL,80.69,'2014','M'),(356,10,'2016-05-08',NULL,2,NULL,85.18,'2016','M'),(357,10,'2015-03-01',NULL,2,NULL,108.79,'2015','M'),(358,10,'2015-06-06',NULL,1,NULL,79.69,'2015','M'),(359,10,'2016-05-12',NULL,2,NULL,70.25,'2016','M'),(360,10,'2015-01-23',NULL,2,NULL,69.07,'2015','M'),(361,10,'2015-11-19',NULL,1,NULL,75.01,'2015','M'),(362,10,'2015-09-09',NULL,2,NULL,105.32,'2015','M'),(363,10,'2014-10-19',NULL,3,NULL,30.48,'2014','M'),(364,10,'2015-01-02',NULL,1,NULL,69.74,'2015','M'),(365,10,'2014-02-05',NULL,2,NULL,80.15,'2014','M');
/*!40000 ALTER TABLE `polizas` ENABLE KEYS */;
UNLOCK TABLES;

--
-- Table structure for table `preexistencias`
--

DROP TABLE IF EXISTS `preexistencias`;
/*!40101 SET @saved_cs_client     = @@character_set_client */;
/*!40101 SET character_set_client = utf8 */;
CREATE TABLE `preexistencias` (
  `idpreexistencias` int(11) NOT NULL AUTO_INCREMENT,
  `poliza` int(11) DEFAULT NULL,
  `certificado` int(11) DEFAULT NULL,
  `cliente` int(11) DEFAULT NULL,
  `codacto` int(11) DEFAULT NULL,
  `codespe` int(11) DEFAULT NULL,
  PRIMARY KEY (`idpreexistencias`),
  KEY `fk_preexistencias_1_idx` (`poliza`,`certificado`),
  KEY `fk_preexistencias_2_idx` (`cliente`),
  KEY `fk_preexistencias_3_idx` (`codacto`),
  KEY `fk_preexistencias_4_idx` (`codespe`),
  CONSTRAINT `fk_preexistencias_1` FOREIGN KEY (`poliza`, `certificado`) REFERENCES `polizas` (`poliza`, `certificado`) ON DELETE NO ACTION ON UPDATE NO ACTION,
  CONSTRAINT `fk_preexistencias_2` FOREIGN KEY (`cliente`) REFERENCES `clientes` (`idclientes`) ON DELETE NO ACTION ON UPDATE NO ACTION,
  CONSTRAINT `fk_preexistencias_3` FOREIGN KEY (`codacto`) REFERENCES `actos` (`codactos`) ON DELETE NO ACTION ON UPDATE NO ACTION,
  CONSTRAINT `fk_preexistencias_4` FOREIGN KEY (`codespe`) REFERENCES `especialidades` (`codespecialidad`) ON DELETE NO ACTION ON UPDATE NO ACTION
) ENGINE=InnoDB AUTO_INCREMENT=181 DEFAULT CHARSET=latin1;
/*!40101 SET character_set_client = @saved_cs_client */;

--
-- Dumping data for table `preexistencias`
--

LOCK TABLES `preexistencias` WRITE;
/*!40000 ALTER TABLE `preexistencias` DISABLE KEYS */;
INSERT INTO `preexistencias` VALUES (1,2,NULL,2,2724,3),(2,3,NULL,3,2725,3),(3,4,NULL,4,2725,3),(4,5,NULL,5,2724,3),(5,6,NULL,6,2725,2),(6,8,NULL,8,2726,3),(7,9,NULL,9,2724,3),(8,10,NULL,10,2727,3),(9,11,NULL,11,6,3),(10,12,NULL,12,9000,42),(11,13,NULL,13,2724,2),(12,16,NULL,16,2726,2),(13,17,NULL,17,9000,42),(14,18,NULL,18,2725,2),(15,19,NULL,19,2726,2),(16,21,NULL,21,2724,3),(17,24,NULL,24,2724,3),(18,25,NULL,25,2725,2),(19,26,NULL,26,2724,3),(20,27,NULL,27,2724,2),(21,31,NULL,31,2725,2),(22,32,NULL,32,2724,2),(23,33,NULL,33,2724,3),(24,34,NULL,34,2724,2),(25,37,NULL,37,2726,3),(26,39,NULL,39,2724,2),(27,44,NULL,44,2725,2),(28,47,NULL,47,2725,3),(29,49,NULL,49,2724,2),(30,50,NULL,50,2725,2),(31,51,NULL,51,9000,42),(32,54,NULL,54,2724,2),(33,56,NULL,56,2724,3),(34,57,NULL,57,2724,2),(35,58,NULL,58,2725,3),(36,61,NULL,61,2725,2),(37,62,NULL,62,2724,2),(38,66,NULL,66,2726,2),(39,67,NULL,67,2727,2),(40,71,NULL,71,2724,2),(41,72,NULL,72,2724,2),(42,73,NULL,73,2724,2),(43,75,NULL,75,2724,2),(44,76,NULL,76,2725,2),(45,78,NULL,78,2726,3),(46,80,NULL,80,2725,2),(47,81,NULL,81,2725,2),(48,82,NULL,82,2727,2),(49,84,NULL,84,2724,2),(50,85,NULL,85,2724,3),(51,87,NULL,87,2726,3),(52,89,NULL,89,2727,2),(53,91,NULL,91,2727,3),(54,93,NULL,93,2724,2),(55,94,NULL,94,2726,2),(56,96,NULL,96,2724,3),(57,97,NULL,97,2724,3),(58,98,NULL,98,2726,3),(59,99,NULL,99,2725,2),(60,100,NULL,100,2724,2),(61,101,NULL,101,2725,3),(62,102,NULL,102,2724,3),(63,104,NULL,104,2724,2),(64,109,NULL,109,2725,2),(65,110,NULL,110,2725,2),(66,112,NULL,112,2725,2),(67,115,NULL,115,2725,3),(68,118,NULL,118,2727,2),(69,121,NULL,121,2724,3),(70,122,NULL,122,2726,2),(71,123,NULL,123,2724,3),(72,125,NULL,125,2726,3),(73,138,NULL,138,2726,2),(74,140,NULL,140,6,43),(75,141,NULL,141,2724,2),(76,142,NULL,142,2724,2),(77,143,NULL,143,2724,2),(78,145,NULL,145,2726,2),(79,151,NULL,151,2725,3),(80,153,NULL,153,2726,3),(81,154,NULL,154,2724,3),(82,155,NULL,155,2725,2),(83,156,NULL,156,2724,2),(84,163,NULL,163,2724,3),(85,170,NULL,170,2726,3),(86,178,NULL,178,2726,3),(87,179,NULL,179,2724,3),(88,180,NULL,180,9000,42),(89,181,NULL,181,2724,2),(90,184,NULL,184,2725,2),(91,185,NULL,185,2724,3),(92,186,NULL,186,2724,3),(93,187,NULL,187,2725,2),(94,188,NULL,188,2726,3),(95,189,NULL,189,2726,3),(96,190,NULL,190,2727,3),(97,191,NULL,191,2724,3),(98,193,NULL,193,9000,42),(99,197,NULL,197,9000,42),(100,198,NULL,198,2724,2),(101,200,NULL,200,2724,2),(102,201,NULL,201,2724,2),(103,203,NULL,203,2724,2),(104,206,NULL,206,2724,3),(105,207,NULL,207,2725,2),(106,209,NULL,209,2724,3),(107,210,NULL,210,2725,3),(108,211,NULL,211,2726,2),(109,213,NULL,213,2725,3),(110,216,NULL,216,2724,2),(111,217,NULL,217,2724,2),(112,218,NULL,218,9000,42),(113,220,NULL,220,2724,2),(114,222,NULL,222,2724,3),(115,223,NULL,223,2725,3),(116,224,NULL,224,2725,2),(117,227,NULL,227,2727,2),(118,230,NULL,230,2727,2),(119,232,NULL,232,2726,2),(120,233,NULL,233,2724,3),(121,235,NULL,235,2724,3),(122,238,NULL,238,2724,2),(123,240,NULL,240,2727,2),(124,244,NULL,244,2726,3),(125,245,NULL,245,2724,2),(126,247,NULL,247,2724,3),(127,249,NULL,249,2724,3),(128,251,NULL,251,2725,3),(129,252,NULL,252,2725,3),(130,258,NULL,258,2724,2),(131,259,NULL,259,2724,2),(132,261,NULL,261,2724,3),(133,262,NULL,262,2724,2),(134,263,NULL,263,2725,2),(135,264,NULL,264,2726,2),(136,265,NULL,265,2724,2),(137,267,NULL,267,2725,2),(138,272,NULL,272,1,44),(139,275,NULL,275,2726,2),(140,276,NULL,276,2724,3),(141,282,NULL,282,2724,2),(142,284,NULL,284,2726,2),(143,287,NULL,287,2724,2),(144,288,NULL,288,2724,2),(145,292,NULL,292,2724,3),(146,293,NULL,293,2724,2),(147,295,NULL,295,2724,2),(148,298,NULL,298,2725,2),(149,299,NULL,299,2725,3),(150,300,NULL,300,2724,2),(151,302,NULL,302,2724,3),(152,303,NULL,303,2725,2),(153,304,NULL,304,2724,2),(154,305,NULL,305,2724,2),(155,309,NULL,309,2725,3),(156,313,NULL,313,2726,2),(157,317,NULL,317,2724,2),(158,319,NULL,319,2724,3),(159,322,NULL,322,2724,2),(160,324,NULL,324,2724,3),(161,326,NULL,326,2725,2),(162,327,NULL,327,2726,2),(163,330,NULL,330,2724,3),(164,332,NULL,332,1,3),(165,338,NULL,338,2726,3),(166,339,NULL,339,9000,42),(167,341,NULL,341,2724,3),(168,344,NULL,344,2724,2),(169,345,NULL,345,2724,3),(170,347,NULL,347,2724,2),(171,349,NULL,349,2724,2),(172,351,NULL,351,2724,2),(173,353,NULL,353,2724,2),(174,355,NULL,355,2724,2),(175,356,NULL,356,2726,3),(176,357,NULL,357,2724,2),(177,361,NULL,361,2726,2),(178,363,NULL,363,2727,2),(179,364,NULL,364,2724,3),(180,365,NULL,365,2725,2);
/*!40000 ALTER TABLE `preexistencias` ENABLE KEYS */;
UNLOCK TABLES;

--
-- Table structure for table `productosalud`
--

DROP TABLE IF EXISTS `productosalud`;
/*!40101 SET @saved_cs_client     = @@character_set_client */;
/*!40101 SET character_set_client = utf8 */;
CREATE TABLE `productosalud` (
  `idproducto` int(11) NOT NULL,
  `descripcion` varchar(100) NOT NULL,
  PRIMARY KEY (`idproducto`)
) ENGINE=InnoDB DEFAULT CHARSET=latin1;
/*!40101 SET character_set_client = @saved_cs_client */;

--
-- Dumping data for table `productosalud`
--

LOCK TABLES `productosalud` WRITE;
/*!40000 ALTER TABLE `productosalud` DISABLE KEYS */;
INSERT INTO `productosalud` VALUES (1,'INTEGRAL'),(2,'COPAGO'),(3,'DENTAL'),(4,'FUNCIONARIOS'),(5,'EXPAT');
/*!40000 ALTER TABLE `productosalud` ENABLE KEYS */;
UNLOCK TABLES;

--
-- Table structure for table `productosfarm`
--

DROP TABLE IF EXISTS `productosfarm`;
/*!40101 SET @saved_cs_client     = @@character_set_client */;
/*!40101 SET character_set_client = utf8 */;
CREATE TABLE `productosfarm` (
  `idproductosfarm` int(11) NOT NULL AUTO_INCREMENT,
  `descripcion` varchar(100) DEFAULT NULL,
  `fechaalta` date DEFAULT NULL,
  `fechabaja` varchar(45) DEFAULT NULL,
  PRIMARY KEY (`idproductosfarm`)
) ENGINE=InnoDB AUTO_INCREMENT=3 DEFAULT CHARSET=latin1;
/*!40101 SET character_set_client = @saved_cs_client */;

--
-- Dumping data for table `productosfarm`
--

LOCK TABLES `productosfarm` WRITE;
/*!40000 ALTER TABLE `productosfarm` DISABLE KEYS */;
INSERT INTO `productosfarm` VALUES (1,'ABSORB INC ORINA DIA ANAT','2010-03-01',NULL),(2,'ABSORB INC ORINA DIA RECT','2010-03-01',NULL);
/*!40000 ALTER TABLE `productosfarm` ENABLE KEYS */;
UNLOCK TABLES;

--
-- Table structure for table `proveedores`
--

DROP TABLE IF EXISTS `proveedores`;
/*!40101 SET @saved_cs_client     = @@character_set_client */;
/*!40101 SET character_set_client = utf8 */;
CREATE TABLE `proveedores` (
  `idproveedores` int(11) NOT NULL AUTO_INCREMENT,
  `nif` varchar(45) NOT NULL,
  `nombre` varchar(45) DEFAULT NULL,
  `apellidos` varchar(100) DEFAULT NULL,
  `denominacion` varchar(100) NOT NULL,
  `fechaalta` date DEFAULT NULL,
  `fechabaja` date DEFAULT NULL,
  `domicilio` varchar(100) DEFAULT NULL,
  `codpostal` int(11) DEFAULT NULL,
  `poblacion` varchar(100) DEFAULT NULL,
  `provincia` varchar(45) DEFAULT NULL,
  `codproveedor` int(11) DEFAULT NULL,
  PRIMARY KEY (`idproveedores`),
  KEY `fk_proveedores_1_idx` (`codproveedor`),
  CONSTRAINT `fk_proveedores_1` FOREIGN KEY (`codproveedor`) REFERENCES `proveedores` (`idproveedores`) ON DELETE NO ACTION ON UPDATE NO ACTION
) ENGINE=InnoDB AUTO_INCREMENT=366 DEFAULT CHARSET=latin1;
/*!40101 SET character_set_client = @saved_cs_client */;

--
-- Dumping data for table `proveedores`
--

LOCK TABLES `proveedores` WRITE;
/*!40000 ALTER TABLE `proveedores` DISABLE KEYS */;
INSERT INTO `proveedores` VALUES (1,'52553959N','LUCAS','ESTEVES','CENTRO SALUD 461','1979-07-02',NULL,'CALLE 878',41000,'SEVILLA','SEVILLA',NULL),(2,'274708Q','MATEO','MANZANO','CENTRO SALUD 505','1964-07-02',NULL,'CALLE 306',28000,'MADRID','MADRID',NULL),(3,'54607270O','MATEO','GARRIDO','CENTRO SALUD 457','1956-07-02',NULL,'CALLE 723',50000,'ZARAGOZA','ZARAGOZA',NULL),(4,'28326385I','OLIVIA','GARRIDO','CENTRO SALUD 312','1981-07-01',NULL,'CALLE 320',8000,'BARCELONA','BARCELONA',NULL),(5,'93047737F','MATEO','HERRERA','CENTRO SALUD 208','1985-07-02',NULL,'CALLE 64',8000,'BARCELONA','BARCELONA',NULL),(6,'28319358A','RODRIGO','GARRIDO','CENTRO SALUD 270','1995-07-02',NULL,'CALLE 768',28000,'MADRID','MADRID',NULL),(7,'17288578A','LAURA','BERNAL','CENTRO SALUD 309','1966-07-02',NULL,'CALLE 275',41000,'SEVILLA','SEVILLA',NULL),(8,'4155728N','MARIA','MANZANO','CENTRO SALUD 364','1989-07-02',NULL,'CALLE 539',8000,'BARCELONA','BARCELONA',NULL),(9,'38557657N','MARIA','ESTEVES','CENTRO SALUD 39','1977-07-02',NULL,'CALLE 293',8000,'BARCELONA','BARCELONA',NULL),(10,'40789332D','MARIA','MANZANO','CENTRO SALUD 113','1989-07-02',NULL,'CALLE 857',8000,'BARCELONA','BARCELONA',NULL),(11,'54502496S','OLIVIA','BARCALA','CENTRO SALUD 777','1970-07-01',NULL,'CALLE 580',28000,'MADRID','MADRID',NULL),(12,'71260446V','MATEO','BERNAL','CENTRO SALUD 230','1994-07-02',NULL,'CALLE 236',28000,'MADRID','MADRID',NULL),(13,'75512656H','RODRIGO','HERRERA','CENTRO SALUD 64','1975-07-02',NULL,'CALLE 939',41000,'SEVILLA','SEVILLA',NULL),(14,'49595863S','RODRIGO','MANZANO','CENTRO SALUD 288','1967-07-02',NULL,'CALLE 682',28000,'MADRID','MADRID',NULL),(15,'377686O','CARLA','BERNAL','CENTRO SALUD 251','1986-07-02',NULL,'CALLE 121',8000,'BARCELONA','BARCELONA',NULL),(16,'1805992L','MATEO','BARCALA','CENTRO SALUD 699','1975-07-02',NULL,'CALLE 562',28000,'MADRID','MADRID',NULL),(17,'33785994A','LUCAS','GARRIDO','CENTRO SALUD 126','1990-07-02',NULL,'CALLE 857',8000,'BARCELONA','BARCELONA',NULL),(18,'5670141S','FRANCISCO','GOMEZ','CENTRO SALUD 134','1981-07-02',NULL,'CALLE 496',8000,'BARCELONA','BARCELONA',NULL),(19,'28942168F','MATEO','GARRIDO','CENTRO SALUD 470','1993-07-02',NULL,'CALLE 874',28000,'MADRID','MADRID',NULL),(20,'15268922R','LUCAS','BERNAL','CENTRO SALUD 437','1990-07-02',NULL,'CALLE 802',41000,'SEVILLA','SEVILLA',NULL),(21,'33773596B','RODRIGO','HERRERA','CENTRO SALUD 596','1980-07-02',NULL,'CALLE 207',8000,'BARCELONA','BARCELONA',NULL),(22,'41673035J','MARIA','CHAMORRO','CENTRO SALUD 376','1980-07-02',NULL,'CALLE 529',8000,'BARCELONA','BARCELONA',NULL),(23,'83630291E','FRANCISCO','BERNAL','CENTRO SALUD 727','1975-07-02',NULL,'CALLE 760',41000,'SEVILLA','SEVILLA',NULL),(24,'77659760L','OLIVIA','MANZANO','CENTRO SALUD 448','1975-07-02',NULL,'CALLE 12',8000,'BARCELONA','BARCELONA',NULL),(25,'41537317N','FRANCISCO','BERNAL','CENTRO SALUD 654','1989-07-02',NULL,'CALLE 960',28000,'MADRID','MADRID',NULL),(26,'95701185F','MATEO','GOMEZ','CENTRO SALUD 905','1982-07-02',NULL,'CALLE 964',8000,'BARCELONA','BARCELONA',NULL),(27,'49606228X','MATEO','ESTEVES','CENTRO SALUD 71','1969-07-02',NULL,'CALLE 291',8000,'BARCELONA','BARCELONA',NULL),(28,'50580484H','OLIVIA','CHAMORRO','CENTRO SALUD 201','1972-07-02',NULL,'CALLE 222',50000,'ZARAGOZA','ZARAGOZA',NULL),(29,'33414704X','LAURA','BARCALA','CENTRO SALUD 510','1982-07-02',NULL,'CALLE 46',50000,'ZARAGOZA','ZARAGOZA',NULL),(30,'64193068I','CARLA','CHAMORRO','CENTRO SALUD 534','1980-07-02',NULL,'CALLE 195',NULL,NULL,NULL,NULL),(31,'1251771X','LAURA','BARCALA','CENTRO SALUD 156','1962-07-02',NULL,'CALLE 813',28000,'MADRID','MADRID',NULL),(32,'59886002K','RODRIGO','GARRIDO','CENTRO SALUD 66','1993-07-02',NULL,'CALLE 267',41000,'SEVILLA','SEVILLA',NULL),(33,'55243073A','FRANCISCO','ESTEVES','CENTRO SALUD 371','1991-07-02',NULL,'CALLE 526',41000,'SEVILLA','SEVILLA',NULL),(34,'19485468F','FRANCISCO','HERRERA','CENTRO SALUD 498','1963-07-02',NULL,'CALLE 115',8000,'BARCELONA','BARCELONA',NULL),(35,'39946930T','LAURA','BERNAL','CENTRO SALUD 523','1973-07-02',NULL,'CALLE 181',50000,'ZARAGOZA','ZARAGOZA',NULL),(36,'20883330X','OLIVIA','MANZANO','CENTRO SALUD 781','1977-07-02',NULL,'CALLE 197',8000,'BARCELONA','BARCELONA',NULL),(37,'70694776G','LUCAS','BARCALA','CENTRO SALUD 370','1969-07-02',NULL,'CALLE 905',NULL,NULL,NULL,NULL),(38,'27534315T','MATEO','GARRIDO','CENTRO SALUD 800','1972-07-02',NULL,'CALLE 121',41000,'SEVILLA','SEVILLA',NULL),(39,'53940298E','MATEO','HERRERA','CENTRO SALUD 412','1988-07-02',NULL,'CALLE 770',41000,'SEVILLA','SEVILLA',NULL),(40,'25174470M','CARLA','BERNAL','CENTRO SALUD 459','1987-07-02',NULL,'CALLE 267',41000,'SEVILLA','SEVILLA',NULL),(41,'41800984W','RODRIGO','CHAMORRO','CENTRO SALUD 106','1992-07-02',NULL,'CALLE 757',NULL,NULL,NULL,NULL),(42,'94173981A','MATEO','ESTEVES','CENTRO SALUD 63','1974-07-02',NULL,'CALLE 391',8000,'BARCELONA','BARCELONA',NULL),(43,'73848360M','MATEO','HERRERA','CENTRO SALUD 322','1962-07-02',NULL,'CALLE 645',28000,'MADRID','MADRID',NULL),(44,'83870731N','MATEO','GARRIDO','CENTRO SALUD 334','1976-07-02',NULL,'CALLE 802',8000,'BARCELONA','BARCELONA',NULL),(45,'44216921R','MATEO','ESTEVES','CENTRO SALUD 168','1958-07-02',NULL,'CALLE 850',41000,'SEVILLA','SEVILLA',NULL),(46,'70068040D','MARIA','HERRERA','CENTRO SALUD 0','1983-07-02',NULL,'CALLE 420',41000,'SEVILLA','SEVILLA',NULL),(47,'36516202N','MARIA','ESTEVES','CENTRO SALUD 390','1996-07-02',NULL,'CALLE 326',28000,'MADRID','MADRID',NULL),(48,'73856036B','MATEO','HERRERA','CENTRO SALUD 77','1960-07-02',NULL,'CALLE 590',NULL,NULL,NULL,NULL),(49,'19135765K','MARIA','CHAMORRO','CENTRO SALUD 152','1982-07-02',NULL,'CALLE 865',NULL,NULL,NULL,NULL),(50,'66347865U','MATEO','BERNAL','CENTRO SALUD 108','1972-07-02',NULL,'CALLE 624',8000,'BARCELONA','BARCELONA',NULL),(51,'15757630S','RODRIGO','BERNAL','CENTRO SALUD 458','1978-07-02',NULL,'CALLE 635',41000,'SEVILLA','SEVILLA',NULL),(52,'61249107Q','MARIA','BARCALA','CENTRO SALUD 714','1973-07-02',NULL,'CALLE 368',50000,'ZARAGOZA','ZARAGOZA',NULL),(53,'26348348W','CARLA','MANZANO','CENTRO SALUD 347','1983-07-02',NULL,'CALLE 750',41000,'SEVILLA','SEVILLA',NULL),(54,'27930541N','OLIVIA','CHAMORRO','CENTRO SALUD 371','1979-07-02',NULL,'CALLE 683',8000,'BARCELONA','BARCELONA',NULL),(55,'11091593D','FRANCISCO','HERRERA','CENTRO SALUD 801','1989-07-02',NULL,'CALLE 69',8000,'BARCELONA','BARCELONA',NULL),(56,'35012568L','RODRIGO','BERNAL','CENTRO SALUD 438','1984-07-02',NULL,'CALLE 3',28000,'MADRID','MADRID',NULL),(57,'26525987X','OLIVIA','CHAMORRO','CENTRO SALUD 372','1982-07-02',NULL,'CALLE 216',41000,'SEVILLA','SEVILLA',NULL),(58,'44665472U','LAURA','ESTEVES','CENTRO SALUD 822','1988-07-02',NULL,'CALLE 57',NULL,NULL,NULL,NULL),(59,'32539788M','MARIA','MANZANO','CENTRO SALUD 463','1970-07-02',NULL,'CALLE 598',28000,'MADRID','MADRID',NULL),(60,'55283208W','CARLA','BARCALA','CENTRO SALUD 567','1958-07-01',NULL,'CALLE 831',8000,'BARCELONA','BARCELONA',NULL),(61,'53225662Y','RODRIGO','CHAMORRO','CENTRO SALUD 782','1971-07-02',NULL,'CALLE 402',28000,'MADRID','MADRID',NULL),(62,'42236365I','FRANCISCO','MANZANO','CENTRO SALUD 747','1993-07-02',NULL,'CALLE 242',NULL,NULL,NULL,NULL),(63,'4474697I','MARIA','ESTEVES','CENTRO SALUD 643','1972-07-02',NULL,'CALLE 237',28000,'MADRID','MADRID',NULL),(64,'10413980M','MATEO','HERRERA','CENTRO SALUD 968','1985-07-02',NULL,'CALLE 739',NULL,NULL,NULL,NULL),(65,'22690289N','OLIVIA','MANZANO','CENTRO SALUD 202','1982-07-02',NULL,'CALLE 194',41000,'SEVILLA','SEVILLA',NULL),(66,'94277658N','CARLA','HERRERA','CENTRO SALUD 439','1979-07-02',NULL,'CALLE 302',28000,'MADRID','MADRID',NULL),(67,'47405612D','MATEO','HERRERA','CENTRO SALUD 376','1992-07-02',NULL,'CALLE 871',NULL,NULL,NULL,NULL),(68,'50471902Y','RODRIGO','CHAMORRO','CENTRO SALUD 809','1965-07-02',NULL,'CALLE 854',28000,'MADRID','MADRID',NULL),(69,'22142382T','RODRIGO','GOMEZ','CENTRO SALUD 718','1987-07-02',NULL,'CALLE 519',NULL,NULL,NULL,NULL),(70,'48235817N','RODRIGO','BARCALA','CENTRO SALUD 717','1977-07-02',NULL,'CALLE 861',8000,'BARCELONA','BARCELONA',NULL),(71,'93455520N','CARLA','BARCALA','CENTRO SALUD 95','1986-07-01',NULL,'CALLE 75',28000,'MADRID','MADRID',NULL),(72,'40376542K','OLIVIA','HERRERA','CENTRO SALUD 799','1981-07-02',NULL,'CALLE 445',41000,'SEVILLA','SEVILLA',NULL),(73,'92331205S','OLIVIA','GARRIDO','CENTRO SALUD 539','1985-07-02',NULL,'CALLE 220',28000,'MADRID','MADRID',NULL),(74,'83123787K','LAURA','GOMEZ','CENTRO SALUD 430','1961-07-02',NULL,'CALLE 360',8000,'BARCELONA','BARCELONA',NULL),(75,'83975347U','LAURA','CHAMORRO','CENTRO SALUD 57','1961-07-02',NULL,'CALLE 794',41000,'SEVILLA','SEVILLA',NULL),(76,'51785621K','MARIA','HERRERA','CENTRO SALUD 123','1959-07-02',NULL,'CALLE 580',8000,'BARCELONA','BARCELONA',NULL),(77,'20577915S','MATEO','HERRERA','CENTRO SALUD 270','1968-07-02',NULL,'CALLE 168',28000,'MADRID','MADRID',NULL),(78,'32009186C','FRANCISCO','GOMEZ','CENTRO SALUD 143','1981-07-02',NULL,'CALLE 300',41000,'SEVILLA','SEVILLA',NULL),(79,'78270844A','CARLA','ESTEVES','CENTRO SALUD 287','1971-07-02',NULL,'CALLE 327',28000,'MADRID','MADRID',NULL),(80,'20232143E','MATEO','BARCALA','CENTRO SALUD 849','1993-07-02',NULL,'CALLE 158',50000,'ZARAGOZA','ZARAGOZA',NULL),(81,'14136088N','RODRIGO','ESTEVES','CENTRO SALUD 925','1968-07-02',NULL,'CALLE 879',50000,'ZARAGOZA','ZARAGOZA',NULL),(82,'64517335P','MATEO','BERNAL','CENTRO SALUD 604','1987-07-02',NULL,'CALLE 208',28000,'MADRID','MADRID',NULL),(83,'89303127W','CARLA','HERRERA','CENTRO SALUD 266','1971-07-02',NULL,'CALLE 89',8000,'BARCELONA','BARCELONA',NULL),(84,'32431451K','LUCAS','BERNAL','CENTRO SALUD 333','1970-07-02',NULL,'CALLE 989',NULL,NULL,NULL,NULL),(85,'31476248M','MARIA','MANZANO','CENTRO SALUD 536','1956-07-02',NULL,'CALLE 550',8000,'BARCELONA','BARCELONA',NULL),(86,'53337451E','RODRIGO','ESTEVES','CENTRO SALUD 576','1987-07-02',NULL,'CALLE 468',8000,'BARCELONA','BARCELONA',NULL),(87,'81488153A','LAURA','GARRIDO','CENTRO SALUD 837','1995-07-02',NULL,'CALLE 98',NULL,NULL,NULL,NULL),(88,'98660718H','MARIA','MANZANO','CENTRO SALUD 821','1967-07-02',NULL,'CALLE 979',NULL,NULL,NULL,NULL),(89,'94915000D','CARLA','HERRERA','CENTRO SALUD 520','1961-07-02',NULL,'CALLE 679',8000,'BARCELONA','BARCELONA',NULL),(90,'56782521H','CARLA','GOMEZ','CENTRO SALUD 916','1980-07-02',NULL,'CALLE 374',50000,'ZARAGOZA','ZARAGOZA',NULL),(91,'27060173F','MATEO','BERNAL','CENTRO SALUD 148','1967-07-02',NULL,'CALLE 86',8000,'BARCELONA','BARCELONA',NULL),(92,'41746117G','OLIVIA','MANZANO','CENTRO SALUD 37','1973-07-02',NULL,'CALLE 899',41000,'SEVILLA','SEVILLA',NULL),(93,'14113873R','LUCAS','ESTEVES','CENTRO SALUD 961','1963-07-02',NULL,'CALLE 340',8000,'BARCELONA','BARCELONA',NULL),(94,'96974596A','MATEO','BARCALA','CENTRO SALUD 853','1984-07-01',NULL,'CALLE 282',NULL,NULL,NULL,NULL),(95,'91178836T','LUCAS','MANZANO','CENTRO SALUD 385','1974-07-02',NULL,'CALLE 434',NULL,NULL,NULL,NULL),(96,'6245893D','MARIA','MANZANO','CENTRO SALUD 529','1957-07-02',NULL,'CALLE 503',28000,'MADRID','MADRID',NULL),(97,'33096469U','MATEO','BERNAL','CENTRO SALUD 977','1996-07-02',NULL,'CALLE 454',NULL,NULL,NULL,NULL),(98,'10523622H','LUCAS','BARCALA','CENTRO SALUD 56','1986-07-02',NULL,'CALLE 704',28000,'MADRID','MADRID',NULL),(99,'90722533T','MATEO','HERRERA','CENTRO SALUD 453','1978-07-02',NULL,'CALLE 93',NULL,NULL,NULL,NULL),(100,'61673970V','FRANCISCO','HERRERA','CENTRO SALUD 411','1978-07-02',NULL,'CALLE 211',28000,'MADRID','MADRID',NULL),(101,'77515187P','CARLA','GOMEZ','CENTRO SALUD 857','1990-07-02',NULL,'CALLE 408',28000,'MADRID','MADRID',NULL),(102,'46270213E','FRANCISCO','BARCALA','CENTRO SALUD 875','1976-07-02',NULL,'CALLE 662',8000,'BARCELONA','BARCELONA',NULL),(103,'42003922B','LUCAS','GOMEZ','CENTRO SALUD 109','1980-07-02',NULL,'CALLE 690',8000,'BARCELONA','BARCELONA',NULL),(104,'50847953C','OLIVIA','MANZANO','CENTRO SALUD 249','1968-07-02',NULL,'CALLE 424',8000,'BARCELONA','BARCELONA',NULL),(105,'21213165V','CARLA','MANZANO','CENTRO SALUD 378','1976-07-02',NULL,'CALLE 529',8000,'BARCELONA','BARCELONA',NULL),(106,'29208411H','MARIA','GOMEZ','CENTRO SALUD 772','1975-07-02',NULL,'CALLE 462',41000,'SEVILLA','SEVILLA',NULL),(107,'2674213Q','MATEO','BARCALA','CENTRO SALUD 317','1982-07-02',NULL,'CALLE 577',41000,'SEVILLA','SEVILLA',NULL),(108,'64725221D','LAURA','ESTEVES','CENTRO SALUD 806','1990-07-02',NULL,'CALLE 164',28000,'MADRID','MADRID',NULL),(109,'34670110N','LAURA','BARCALA','CENTRO SALUD 257','1982-07-02',NULL,'CALLE 119',41000,'SEVILLA','SEVILLA',NULL),(110,'42770224X','FRANCISCO','BERNAL','CENTRO SALUD 276','1978-07-02',NULL,'CALLE 80',8000,'BARCELONA','BARCELONA',NULL),(111,'46226345A','LAURA','MANZANO','CENTRO SALUD 987','1980-07-02',NULL,'CALLE 403',28000,'MADRID','MADRID',NULL),(112,'32805437G','FRANCISCO','MANZANO','CENTRO SALUD 771','1986-07-02',NULL,'CALLE 194',50000,'ZARAGOZA','ZARAGOZA',NULL),(113,'85374644E','RODRIGO','MANZANO','CENTRO SALUD 708','1992-07-02',NULL,'CALLE 718',8000,'BARCELONA','BARCELONA',NULL),(114,'60099530K','RODRIGO','BERNAL','CENTRO SALUD 817','1996-07-02',NULL,'CALLE 880',8000,'BARCELONA','BARCELONA',NULL),(115,'89422615S','OLIVIA','BARCALA','CENTRO SALUD 376','1959-07-02',NULL,'CALLE 564',NULL,NULL,NULL,NULL),(116,'90749022V','MARIA','GARRIDO','CENTRO SALUD 435','1963-07-02',NULL,'CALLE 701',NULL,NULL,NULL,NULL),(117,'63548184P','MATEO','MANZANO','CENTRO SALUD 78','1956-07-02',NULL,'CALLE 324',41000,'SEVILLA','SEVILLA',NULL),(118,'22102402Y','MATEO','GOMEZ','CENTRO SALUD 648','1992-07-02',NULL,'CALLE 450',41000,'SEVILLA','SEVILLA',NULL),(119,'41283837I','FRANCISCO','BERNAL','CENTRO SALUD 245','1987-07-02',NULL,'CALLE 880',8000,'BARCELONA','BARCELONA',NULL),(120,'73723516B','MATEO','BARCALA','CENTRO SALUD 863','1986-07-02',NULL,'CALLE 349',28000,'MADRID','MADRID',NULL),(121,'21037470N','OLIVIA','GARRIDO','CENTRO SALUD 988','1965-07-02',NULL,'CALLE 866',28000,'MADRID','MADRID',NULL),(122,'25088060V','MARIA','GARRIDO','CENTRO SALUD 427','1965-07-02',NULL,'CALLE 355',28000,'MADRID','MADRID',NULL),(123,'84261152C','OLIVIA','MANZANO','CENTRO SALUD 102','1994-07-02',NULL,'CALLE 904',28000,'MADRID','MADRID',NULL),(124,'83022392P','MARIA','GOMEZ','CENTRO SALUD 620','1961-07-02',NULL,'CALLE 425',28000,'MADRID','MADRID',NULL),(125,'80651478G','OLIVIA','ESTEVES','CENTRO SALUD 810','1986-07-02',NULL,'CALLE 824',41000,'SEVILLA','SEVILLA',NULL),(126,'53380549M','CARLA','BARCALA','CENTRO SALUD 985','1962-07-02',NULL,'CALLE 808',8000,'BARCELONA','BARCELONA',NULL),(127,'71252328V','LUCAS','CHAMORRO','CENTRO SALUD 875','1958-07-02',NULL,'CALLE 427',8000,'BARCELONA','BARCELONA',NULL),(128,'86427422P','FRANCISCO','HERRERA','CENTRO SALUD 123','1992-07-02',NULL,'CALLE 395',8000,'BARCELONA','BARCELONA',NULL),(129,'9388451W','MATEO','ESTEVES','CENTRO SALUD 586','1958-07-01',NULL,'CALLE 519',8000,'BARCELONA','BARCELONA',NULL),(130,'20980934M','CARLA','CHAMORRO','CENTRO SALUD 638','1970-07-02',NULL,'CALLE 872',50000,'ZARAGOZA','ZARAGOZA',NULL),(131,'19143272V','LAURA','CHAMORRO','CENTRO SALUD 161','1985-07-01',NULL,'CALLE 857',50000,'ZARAGOZA','ZARAGOZA',NULL),(132,'14460360S','MATEO','BARCALA','CENTRO SALUD 32','1995-07-02',NULL,'CALLE 381',28000,'MADRID','MADRID',NULL),(133,'90099723Q','MARIA','GOMEZ','CENTRO SALUD 534','1978-07-02',NULL,'CALLE 267',NULL,NULL,NULL,NULL),(134,'33454619P','LUCAS','HERRERA','CENTRO SALUD 392','1980-07-02',NULL,'CALLE 561',8000,'BARCELONA','BARCELONA',NULL),(135,'88485476I','LUCAS','BERNAL','CENTRO SALUD 309','1970-07-02',NULL,'CALLE 644',NULL,NULL,NULL,NULL),(136,'53077126W','OLIVIA','MANZANO','CENTRO SALUD 3','1979-07-02',NULL,'CALLE 268',8000,'BARCELONA','BARCELONA',NULL),(137,'74649935A','OLIVIA','GARRIDO','CENTRO SALUD 354','1974-07-02',NULL,'CALLE 264',41000,'SEVILLA','SEVILLA',NULL),(138,'47048334I','RODRIGO','HERRERA','CENTRO SALUD 68','1976-07-02',NULL,'CALLE 309',8000,'BARCELONA','BARCELONA',NULL),(139,'91869105R','CARLA','CHAMORRO','CENTRO SALUD 700','1994-07-02',NULL,'CALLE 962',41000,'SEVILLA','SEVILLA',NULL),(140,'96127200U','MATEO','BERNAL','CENTRO SALUD 135','1966-07-02',NULL,'CALLE 687',28000,'MADRID','MADRID',NULL),(141,'9778373C','MATEO','GARRIDO','CENTRO SALUD 533','1975-07-01',NULL,'CALLE 8',28000,'MADRID','MADRID',NULL),(142,'4566292Y','LAURA','HERRERA','CENTRO SALUD 526','1993-07-02',NULL,'CALLE 913',28000,'MADRID','MADRID',NULL),(143,'42213425Q','OLIVIA','ESTEVES','CENTRO SALUD 782','1993-07-02',NULL,'CALLE 110',8000,'BARCELONA','BARCELONA',NULL),(144,'64872822K','LUCAS','GOMEZ','CENTRO SALUD 264','1994-07-02',NULL,'CALLE 256',28000,'MADRID','MADRID',NULL),(145,'62197037Y','LUCAS','BERNAL','CENTRO SALUD 282','1974-07-02',NULL,'CALLE 379',41000,'SEVILLA','SEVILLA',NULL),(146,'65153085L','RODRIGO','MANZANO','CENTRO SALUD 876','1959-07-01',NULL,'CALLE 758',41000,'SEVILLA','SEVILLA',NULL),(147,'43775961V','OLIVIA','GARRIDO','CENTRO SALUD 35','1957-07-02',NULL,'CALLE 791',28000,'MADRID','MADRID',NULL),(148,'87854246O','MATEO','GARRIDO','CENTRO SALUD 553','1980-07-02',NULL,'CALLE 787',41000,'SEVILLA','SEVILLA',NULL),(149,'41052840M','RODRIGO','MANZANO','CENTRO SALUD 713','1991-07-02',NULL,'CALLE 489',8000,'BARCELONA','BARCELONA',NULL),(150,'2263813N','LAURA','HERRERA','CENTRO SALUD 910','1961-07-02',NULL,'CALLE 520',41000,'SEVILLA','SEVILLA',NULL),(151,'22722203X','LUCAS','GARRIDO','CENTRO SALUD 9','1966-07-02',NULL,'CALLE 719',28000,'MADRID','MADRID',NULL),(152,'37454328S','MARIA','HERRERA','CENTRO SALUD 128','1957-07-02',NULL,'CALLE 890',41000,'SEVILLA','SEVILLA',NULL),(153,'3309117P','LUCAS','MANZANO','CENTRO SALUD 978','1985-07-02',NULL,'CALLE 790',8000,'BARCELONA','BARCELONA',NULL),(154,'22458076A','FRANCISCO','GOMEZ','CENTRO SALUD 129','1980-07-02',NULL,'CALLE 202',28000,'MADRID','MADRID',NULL),(155,'91988009V','MARIA','GOMEZ','CENTRO SALUD 925','1984-07-02',NULL,'CALLE 0',28000,'MADRID','MADRID',NULL),(156,'97644273D','LAURA','GOMEZ','CENTRO SALUD 311','1983-07-02',NULL,'CALLE 703',8000,'BARCELONA','BARCELONA',NULL),(157,'58152603U','RODRIGO','BERNAL','CENTRO SALUD 611','1995-07-02',NULL,'CALLE 729',8000,'BARCELONA','BARCELONA',NULL),(158,'74127471E','LAURA','BARCALA','CENTRO SALUD 545','1970-07-02',NULL,'CALLE 85',41000,'SEVILLA','SEVILLA',NULL),(159,'72723632T','CARLA','HERRERA','CENTRO SALUD 333','1994-07-02',NULL,'CALLE 585',28000,'MADRID','MADRID',NULL),(160,'69129871T','CARLA','CHAMORRO','CENTRO SALUD 747','1989-07-02',NULL,'CALLE 301',50000,'ZARAGOZA','ZARAGOZA',NULL),(161,'71898799H','RODRIGO','ESTEVES','CENTRO SALUD 453','1974-07-02',NULL,'CALLE 393',NULL,NULL,NULL,NULL),(162,'18753886V','CARLA','BERNAL','CENTRO SALUD 174','1957-07-02',NULL,'CALLE 726',41000,'SEVILLA','SEVILLA',NULL),(163,'84348945C','OLIVIA','GARRIDO','CENTRO SALUD 412','1967-07-02',NULL,'CALLE 67',41000,'SEVILLA','SEVILLA',NULL),(164,'67535069W','FRANCISCO','GARRIDO','CENTRO SALUD 65','1959-07-02',NULL,'CALLE 820',41000,'SEVILLA','SEVILLA',NULL),(165,'838704Y','OLIVIA','HERRERA','CENTRO SALUD 831','1970-07-02',NULL,'CALLE 454',28000,'MADRID','MADRID',NULL),(166,'51704921J','RODRIGO','HERRERA','CENTRO SALUD 921','1962-07-02',NULL,'CALLE 212',8000,'BARCELONA','BARCELONA',NULL),(167,'48370791U','MARIA','BERNAL','CENTRO SALUD 145','1970-07-02',NULL,'CALLE 847',8000,'BARCELONA','BARCELONA',NULL),(168,'47354293B','OLIVIA','HERRERA','CENTRO SALUD 909','1960-07-02',NULL,'CALLE 722',41000,'SEVILLA','SEVILLA',NULL),(169,'2237711X','MARIA','GOMEZ','CENTRO SALUD 772','1974-07-02',NULL,'CALLE 223',50000,'ZARAGOZA','ZARAGOZA',NULL),(170,'78021057K','CARLA','CHAMORRO','CENTRO SALUD 381','1971-07-01',NULL,'CALLE 491',50000,'ZARAGOZA','ZARAGOZA',NULL),(171,'20099581K','MARIA','BARCALA','CENTRO SALUD 370','1957-07-02',NULL,'CALLE 952',28000,'MADRID','MADRID',NULL),(172,'33178952G','RODRIGO','CHAMORRO','CENTRO SALUD 70','1958-07-02',NULL,'CALLE 377',NULL,NULL,NULL,NULL),(173,'56298150D','LUCAS','BARCALA','CENTRO SALUD 338','1970-07-02',NULL,'CALLE 590',41000,'SEVILLA','SEVILLA',NULL),(174,'28560506R','MARIA','ESTEVES','CENTRO SALUD 61','1981-07-02',NULL,'CALLE 58',28000,'MADRID','MADRID',NULL),(175,'81010453P','LAURA','BARCALA','CENTRO SALUD 361','1968-07-02',NULL,'CALLE 521',8000,'BARCELONA','BARCELONA',NULL),(176,'31419007E','OLIVIA','GARRIDO','CENTRO SALUD 15','1960-07-02',NULL,'CALLE 737',28000,'MADRID','MADRID',NULL),(177,'30905233I','CARLA','CHAMORRO','CENTRO SALUD 663','1957-07-02',NULL,'CALLE 640',28000,'MADRID','MADRID',NULL),(178,'90397584V','FRANCISCO','ESTEVES','CENTRO SALUD 164','1995-07-02',NULL,'CALLE 156',41000,'SEVILLA','SEVILLA',NULL),(179,'97601936L','FRANCISCO','ESTEVES','CENTRO SALUD 166','1993-07-02',NULL,'CALLE 988',8000,'BARCELONA','BARCELONA',NULL),(180,'13754861K','LAURA','BERNAL','CENTRO SALUD 208','1986-07-02',NULL,'CALLE 514',50000,'ZARAGOZA','ZARAGOZA',NULL),(181,'85369181V','CARLA','BERNAL','CENTRO SALUD 262','1983-07-02',NULL,'CALLE 45',8000,'BARCELONA','BARCELONA',NULL),(182,'81386651Q','CARLA','BERNAL','CENTRO SALUD 862','1978-07-02',NULL,'CALLE 833',41000,'SEVILLA','SEVILLA',NULL),(183,'61634950E','LUCAS','CHAMORRO','CENTRO SALUD 35','1972-07-01',NULL,'CALLE 114',50000,'ZARAGOZA','ZARAGOZA',NULL),(184,'15804009R','OLIVIA','CHAMORRO','CENTRO SALUD 939','1980-07-02',NULL,'CALLE 482',NULL,NULL,NULL,NULL),(185,'30159626S','CARLA','BARCALA','CENTRO SALUD 140','1972-07-02',NULL,'CALLE 603',50000,'ZARAGOZA','ZARAGOZA',NULL),(186,'91264467S','LUCAS','CHAMORRO','CENTRO SALUD 56','1963-07-02',NULL,'CALLE 542',8000,'BARCELONA','BARCELONA',NULL),(187,'83382805L','LAURA','BERNAL','CENTRO SALUD 524','1973-07-02',NULL,'CALLE 283',50000,'ZARAGOZA','ZARAGOZA',NULL),(188,'30488348C','MARIA','CHAMORRO','CENTRO SALUD 56','1958-07-02',NULL,'CALLE 756',41000,'SEVILLA','SEVILLA',NULL),(189,'15471908W','LUCAS','HERRERA','CENTRO SALUD 751','1956-07-02',NULL,'CALLE 123',41000,'SEVILLA','SEVILLA',NULL),(190,'87177637L','CARLA','GARRIDO','CENTRO SALUD 720','1980-07-02',NULL,'CALLE 669',28000,'MADRID','MADRID',NULL),(191,'12675337F','LAURA','CHAMORRO','CENTRO SALUD 8','1972-07-01',NULL,'CALLE 642',28000,'MADRID','MADRID',NULL),(192,'88976234V','MARIA','GARRIDO','CENTRO SALUD 324','1982-07-02',NULL,'CALLE 385',50000,'ZARAGOZA','ZARAGOZA',NULL),(193,'31542070K','MATEO','CHAMORRO','CENTRO SALUD 184','1971-07-02',NULL,'CALLE 736',8000,'BARCELONA','BARCELONA',NULL),(194,'68796922C','FRANCISCO','GOMEZ','CENTRO SALUD 32','1961-07-02',NULL,'CALLE 280',41000,'SEVILLA','SEVILLA',NULL),(195,'45978065C','LUCAS','BERNAL','CENTRO SALUD 117','1968-07-02',NULL,'CALLE 160',8000,'BARCELONA','BARCELONA',NULL),(196,'63452931D','CARLA','BARCALA','CENTRO SALUD 56','1990-07-02',NULL,'CALLE 60',28000,'MADRID','MADRID',NULL),(197,'77533162K','LAURA','BERNAL','CENTRO SALUD 314','1967-07-02',NULL,'CALLE 68',28000,'MADRID','MADRID',NULL),(198,'92530536U','RODRIGO','MANZANO','CENTRO SALUD 993','1981-07-02',NULL,'CALLE 932',8000,'BARCELONA','BARCELONA',NULL),(199,'26979442V','FRANCISCO','GARRIDO','CENTRO SALUD 71','1996-07-02',NULL,'CALLE 757',41000,'SEVILLA','SEVILLA',NULL),(200,'3501966M','FRANCISCO','CHAMORRO','CENTRO SALUD 479','1993-07-01',NULL,'CALLE 584',8000,'BARCELONA','BARCELONA',NULL),(201,'25860959F','MATEO','HERRERA','CENTRO SALUD 976','1985-07-02',NULL,'CALLE 90',41000,'SEVILLA','SEVILLA',NULL),(202,'27050167F','RODRIGO','BARCALA','CENTRO SALUD 845','1996-07-02',NULL,'CALLE 953',28000,'MADRID','MADRID',NULL),(203,'14408787W','LUCAS','HERRERA','CENTRO SALUD 877','1974-07-02',NULL,'CALLE 444',28000,'MADRID','MADRID',NULL),(204,'44018953F','CARLA','MANZANO','CENTRO SALUD 425','1967-07-02',NULL,'CALLE 400',28000,'MADRID','MADRID',NULL),(205,'30498215B','RODRIGO','HERRERA','CENTRO SALUD 741','1994-07-02',NULL,'CALLE 729',NULL,NULL,NULL,NULL),(206,'54476321V','MARIA','HERRERA','CENTRO SALUD 911','1960-07-02',NULL,'CALLE 570',28000,'MADRID','MADRID',NULL),(207,'21887837A','FRANCISCO','GOMEZ','CENTRO SALUD 938','1973-07-02',NULL,'CALLE 139',41000,'SEVILLA','SEVILLA',NULL),(208,'41387326B','LUCAS','ESTEVES','CENTRO SALUD 371','1987-07-02',NULL,'CALLE 39',8000,'BARCELONA','BARCELONA',NULL),(209,'59536247F','FRANCISCO','BERNAL','CENTRO SALUD 499','1978-07-02',NULL,'CALLE 178',41000,'SEVILLA','SEVILLA',NULL),(210,'73326264I','FRANCISCO','MANZANO','CENTRO SALUD 666','1966-07-02',NULL,'CALLE 227',41000,'SEVILLA','SEVILLA',NULL),(211,'44330370Y','LAURA','BERNAL','CENTRO SALUD 718','1974-07-02',NULL,'CALLE 498',41000,'SEVILLA','SEVILLA',NULL),(212,'96005912G','FRANCISCO','GARRIDO','CENTRO SALUD 18','1969-07-02',NULL,'CALLE 726',8000,'BARCELONA','BARCELONA',NULL),(213,'31461691E','LUCAS','BARCALA','CENTRO SALUD 25','1987-07-02',NULL,'CALLE 169',28000,'MADRID','MADRID',NULL),(214,'57464175D','LUCAS','BARCALA','CENTRO SALUD 192','1996-07-02',NULL,'CALLE 362',41000,'SEVILLA','SEVILLA',NULL),(215,'3716225T','CARLA','GARRIDO','CENTRO SALUD 163','1982-07-02',NULL,'CALLE 107',8000,'BARCELONA','BARCELONA',NULL),(216,'6938656G','LUCAS','GARRIDO','CENTRO SALUD 953','1974-07-02',NULL,'CALLE 535',41000,'SEVILLA','SEVILLA',NULL),(217,'40955064W','RODRIGO','GOMEZ','CENTRO SALUD 974','1961-07-02',NULL,'CALLE 2',8000,'BARCELONA','BARCELONA',NULL),(218,'94915324B','MARIA','BERNAL','CENTRO SALUD 987','1995-07-02',NULL,'CALLE 778',8000,'BARCELONA','BARCELONA',NULL),(219,'31198112V','FRANCISCO','BERNAL','CENTRO SALUD 584','1961-07-02',NULL,'CALLE 339',41000,'SEVILLA','SEVILLA',NULL),(220,'48707717Q','CARLA','BERNAL','CENTRO SALUD 222','1996-07-02',NULL,'CALLE 791',50000,'ZARAGOZA','ZARAGOZA',NULL),(221,'36478244O','CARLA','BERNAL','CENTRO SALUD 52','1981-07-02',NULL,'CALLE 404',8000,'BARCELONA','BARCELONA',NULL),(222,'66538447G','RODRIGO','BARCALA','CENTRO SALUD 416','1992-07-02',NULL,'CALLE 826',50000,'ZARAGOZA','ZARAGOZA',NULL),(223,'45872758L','CARLA','CHAMORRO','CENTRO SALUD 743','1990-07-02',NULL,'CALLE 969',28000,'MADRID','MADRID',NULL),(224,'2540144W','FRANCISCO','MANZANO','CENTRO SALUD 943','1994-07-02',NULL,'CALLE 462',28000,'MADRID','MADRID',NULL),(225,'61540118K','RODRIGO','MANZANO','CENTRO SALUD 6','1976-07-02',NULL,'CALLE 461',41000,'SEVILLA','SEVILLA',NULL),(226,'49676306X','MATEO','ESTEVES','CENTRO SALUD 381','1996-07-02',NULL,'CALLE 487',28000,'MADRID','MADRID',NULL),(227,'56495644P','FRANCISCO','MANZANO','CENTRO SALUD 868','1969-07-02',NULL,'CALLE 294',28000,'MADRID','MADRID',NULL),(228,'33807536Q','MATEO','GOMEZ','CENTRO SALUD 756','1973-07-02',NULL,'CALLE 226',NULL,NULL,NULL,NULL),(229,'58871183R','CARLA','ESTEVES','CENTRO SALUD 70','1970-07-02',NULL,'CALLE 520',8000,'BARCELONA','BARCELONA',NULL),(230,'79490062T','MARIA','GARRIDO','CENTRO SALUD 276','1987-07-02',NULL,'CALLE 322',8000,'BARCELONA','BARCELONA',NULL),(231,'65278427M','MARIA','BERNAL','CENTRO SALUD 997','1957-07-02',NULL,'CALLE 237',28000,'MADRID','MADRID',NULL),(232,'52364104T','RODRIGO','ESTEVES','CENTRO SALUD 42','1983-07-02',NULL,'CALLE 151',28000,'MADRID','MADRID',NULL),(233,'80351216Y','FRANCISCO','BERNAL','CENTRO SALUD 288','1978-07-02',NULL,'CALLE 834',8000,'BARCELONA','BARCELONA',NULL),(234,'72594794U','CARLA','CHAMORRO','CENTRO SALUD 720','1995-07-01',NULL,'CALLE 178',28000,'MADRID','MADRID',NULL),(235,'65300730O','OLIVIA','GOMEZ','CENTRO SALUD 375','1967-07-02',NULL,'CALLE 764',41000,'SEVILLA','SEVILLA',NULL),(236,'59789882E','MATEO','MANZANO','CENTRO SALUD 413','1974-07-02',NULL,'CALLE 366',28000,'MADRID','MADRID',NULL),(237,'15798268M','OLIVIA','GARRIDO','CENTRO SALUD 468','1961-07-02',NULL,'CALLE 872',NULL,NULL,NULL,NULL),(238,'31293432C','MARIA','HERRERA','CENTRO SALUD 904','1957-07-02',NULL,'CALLE 846',41000,'SEVILLA','SEVILLA',NULL),(239,'63001554G','FRANCISCO','BERNAL','CENTRO SALUD 316','1970-07-02',NULL,'CALLE 671',50000,'ZARAGOZA','ZARAGOZA',NULL),(240,'7714533N','MARIA','GOMEZ','CENTRO SALUD 671','1989-07-02',NULL,'CALLE 229',28000,'MADRID','MADRID',NULL),(241,'35838776E','CARLA','GARRIDO','CENTRO SALUD 718','1982-07-02',NULL,'CALLE 564',28000,'MADRID','MADRID',NULL),(242,'58224897B','MARIA','GARRIDO','CENTRO SALUD 360','1969-07-02',NULL,'CALLE 521',8000,'BARCELONA','BARCELONA',NULL),(243,'20735481Q','MARIA','GOMEZ','CENTRO SALUD 677','1993-07-02',NULL,'CALLE 440',41000,'SEVILLA','SEVILLA',NULL),(244,'51805081J','MATEO','MANZANO','CENTRO SALUD 56','1964-07-02',NULL,'CALLE 298',NULL,NULL,NULL,NULL),(245,'47553982M','LUCAS','BARCALA','CENTRO SALUD 159','1961-07-02',NULL,'CALLE 159',8000,'BARCELONA','BARCELONA',NULL),(246,'76469951T','MARIA','GARRIDO','CENTRO SALUD 710','1991-07-02',NULL,'CALLE 729',28000,'MADRID','MADRID',NULL),(247,'16447207J','FRANCISCO','ESTEVES','CENTRO SALUD 356','1996-07-02',NULL,'CALLE 789',8000,'BARCELONA','BARCELONA',NULL),(248,'37869371T','CARLA','HERRERA','CENTRO SALUD 666','1976-07-02',NULL,'CALLE 824',41000,'SEVILLA','SEVILLA',NULL),(249,'24561789L','MARIA','HERRERA','CENTRO SALUD 868','1965-07-02',NULL,'CALLE 158',8000,'BARCELONA','BARCELONA',NULL),(250,'90033611L','LAURA','GOMEZ','CENTRO SALUD 64','1987-07-01',NULL,'CALLE 159',28000,'MADRID','MADRID',NULL),(251,'5980128F','LUCAS','BERNAL','CENTRO SALUD 578','1958-07-01',NULL,'CALLE 734',NULL,NULL,NULL,NULL),(252,'71079051M','FRANCISCO','BARCALA','CENTRO SALUD 14','1994-07-02',NULL,'CALLE 431',41000,'SEVILLA','SEVILLA',NULL),(253,'94844334C','MARIA','BARCALA','CENTRO SALUD 688','1981-07-02',NULL,'CALLE 418',50000,'ZARAGOZA','ZARAGOZA',NULL),(254,'81982817P','MARIA','MANZANO','CENTRO SALUD 55','1965-07-02',NULL,'CALLE 792',41000,'SEVILLA','SEVILLA',NULL),(255,'86476164V','LAURA','GOMEZ','CENTRO SALUD 270','1994-07-02',NULL,'CALLE 791',8000,'BARCELONA','BARCELONA',NULL),(256,'27566264G','FRANCISCO','GARRIDO','CENTRO SALUD 919','1986-07-02',NULL,'CALLE 76',28000,'MADRID','MADRID',NULL),(257,'24486251P','FRANCISCO','MANZANO','CENTRO SALUD 464','1959-07-02',NULL,'CALLE 598',NULL,NULL,NULL,NULL),(258,'52327I','LAURA','MANZANO','CENTRO SALUD 992','1979-07-02',NULL,'CALLE 297',28000,'MADRID','MADRID',NULL),(259,'39769255I','MARIA','ESTEVES','CENTRO SALUD 948','1960-07-02',NULL,'CALLE 167',28000,'MADRID','MADRID',NULL),(260,'18751016F','FRANCISCO','HERRERA','CENTRO SALUD 729','1963-07-02',NULL,'CALLE 917',NULL,NULL,NULL,NULL),(261,'74232742M','RODRIGO','ESTEVES','CENTRO SALUD 27','1989-07-02',NULL,'CALLE 458',28000,'MADRID','MADRID',NULL),(262,'3509808T','CARLA','CHAMORRO','CENTRO SALUD 364','1975-07-02',NULL,'CALLE 30',8000,'BARCELONA','BARCELONA',NULL),(263,'50194669Y','FRANCISCO','GARRIDO','CENTRO SALUD 625','1960-07-02',NULL,'CALLE 935',NULL,NULL,NULL,NULL),(264,'23795281Q','MARIA','HERRERA','CENTRO SALUD 416','1983-07-02',NULL,'CALLE 646',8000,'BARCELONA','BARCELONA',NULL),(265,'42188604X','FRANCISCO','HERRERA','CENTRO SALUD 513','1965-07-02',NULL,'CALLE 978',NULL,NULL,NULL,NULL),(266,'54032299V','LAURA','BARCALA','CENTRO SALUD 513','1977-07-02',NULL,'CALLE 414',41000,'SEVILLA','SEVILLA',NULL),(267,'49479520P','MARIA','MANZANO','CENTRO SALUD 53','1966-07-02',NULL,'CALLE 399',8000,'BARCELONA','BARCELONA',NULL),(268,'59689928V','MARIA','BERNAL','CENTRO SALUD 635','1982-07-02',NULL,'CALLE 502',8000,'BARCELONA','BARCELONA',NULL),(269,'73024725G','LUCAS','GARRIDO','CENTRO SALUD 266','1960-07-02',NULL,'CALLE 107',28000,'MADRID','MADRID',NULL),(270,'65938444Q','MATEO','BERNAL','CENTRO SALUD 740','1963-07-02',NULL,'CALLE 702',41000,'SEVILLA','SEVILLA',NULL),(271,'11227137C','RODRIGO','ESTEVES','CENTRO SALUD 754','1994-07-02',NULL,'CALLE 608',28000,'MADRID','MADRID',NULL),(272,'19529284Y','RODRIGO','HERRERA','CENTRO SALUD 836','1974-07-02',NULL,'CALLE 167',28000,'MADRID','MADRID',NULL),(273,'27960292W','MARIA','BERNAL','CENTRO SALUD 9','1957-07-02',NULL,'CALLE 736',NULL,NULL,NULL,NULL),(274,'24404728D','OLIVIA','GARRIDO','CENTRO SALUD 300','1990-07-02',NULL,'CALLE 170',50000,'ZARAGOZA','ZARAGOZA',NULL),(275,'91813528T','MATEO','CHAMORRO','CENTRO SALUD 115','1984-07-02',NULL,'CALLE 321',41000,'SEVILLA','SEVILLA',NULL),(276,'42582120U','CARLA','BARCALA','CENTRO SALUD 918','1974-07-01',NULL,'CALLE 640',28000,'MADRID','MADRID',NULL),(277,'67602262N','MARIA','BERNAL','CENTRO SALUD 106','1980-07-02',NULL,'CALLE 896',50000,'ZARAGOZA','ZARAGOZA',NULL),(278,'52195874B','CARLA','CHAMORRO','CENTRO SALUD 799','1978-07-02',NULL,'CALLE 981',8000,'BARCELONA','BARCELONA',NULL),(279,'23927824O','MATEO','GARRIDO','CENTRO SALUD 260','1991-07-02',NULL,'CALLE 947',41000,'SEVILLA','SEVILLA',NULL),(280,'69850310T','CARLA','CHAMORRO','CENTRO SALUD 523','1988-07-02',NULL,'CALLE 109',8000,'BARCELONA','BARCELONA',NULL),(281,'3118333L','MATEO','HERRERA','CENTRO SALUD 113','1956-07-02',NULL,'CALLE 274',8000,'BARCELONA','BARCELONA',NULL),(282,'26234737N','LUCAS','BERNAL','CENTRO SALUD 745','1969-07-02',NULL,'CALLE 484',8000,'BARCELONA','BARCELONA',NULL),(283,'49917945Q','LAURA','CHAMORRO','CENTRO SALUD 717','1988-07-02',NULL,'CALLE 582',8000,'BARCELONA','BARCELONA',NULL),(284,'76413352S','FRANCISCO','CHAMORRO','CENTRO SALUD 106','1959-07-02',NULL,'CALLE 626',41000,'SEVILLA','SEVILLA',NULL),(285,'34739591I','LAURA','BERNAL','CENTRO SALUD 428','1984-07-02',NULL,'CALLE 943',8000,'BARCELONA','BARCELONA',NULL),(286,'93499398U','RODRIGO','GOMEZ','CENTRO SALUD 516','1984-07-02',NULL,'CALLE 440',41000,'SEVILLA','SEVILLA',NULL),(287,'98146299M','MARIA','GARRIDO','CENTRO SALUD 575','1978-07-02',NULL,'CALLE 932',41000,'SEVILLA','SEVILLA',NULL),(288,'25696464F','RODRIGO','BARCALA','CENTRO SALUD 475','1979-07-02',NULL,'CALLE 187',8000,'BARCELONA','BARCELONA',NULL),(289,'56070112K','RODRIGO','GARRIDO','CENTRO SALUD 76','1990-07-02',NULL,'CALLE 926',41000,'SEVILLA','SEVILLA',NULL),(290,'22468124Q','LAURA','HERRERA','CENTRO SALUD 700','1964-07-02',NULL,'CALLE 159',NULL,NULL,NULL,NULL),(291,'41513743V','OLIVIA','GARRIDO','CENTRO SALUD 135','1980-07-02',NULL,'CALLE 920',NULL,NULL,NULL,NULL),(292,'52674056Y','MATEO','BERNAL','CENTRO SALUD 982','1961-07-02',NULL,'CALLE 331',28000,'MADRID','MADRID',NULL),(293,'50705792H','LUCAS','BERNAL','CENTRO SALUD 229','1983-07-01',NULL,'CALLE 670',28000,'MADRID','MADRID',NULL),(294,'87386228X','MATEO','CHAMORRO','CENTRO SALUD 566','1978-07-02',NULL,'CALLE 408',8000,'BARCELONA','BARCELONA',NULL),(295,'36353237F','LUCAS','GARRIDO','CENTRO SALUD 859','1990-07-02',NULL,'CALLE 313',41000,'SEVILLA','SEVILLA',NULL),(296,'52203082G','CARLA','MANZANO','CENTRO SALUD 323','1988-07-02',NULL,'CALLE 692',41000,'SEVILLA','SEVILLA',NULL),(297,'72576555E','LAURA','ESTEVES','CENTRO SALUD 865','1983-07-02',NULL,'CALLE 114',41000,'SEVILLA','SEVILLA',NULL),(298,'952332P','LUCAS','HERRERA','CENTRO SALUD 581','1988-07-02',NULL,'CALLE 566',50000,'ZARAGOZA','ZARAGOZA',NULL),(299,'73568582C','FRANCISCO','HERRERA','CENTRO SALUD 573','1987-07-02',NULL,'CALLE 995',50000,'ZARAGOZA','ZARAGOZA',NULL),(300,'27797810A','RODRIGO','BERNAL','CENTRO SALUD 636','1984-07-02',NULL,'CALLE 810',NULL,NULL,NULL,NULL),(301,'65507897D','CARLA','HERRERA','CENTRO SALUD 200','1978-07-02',NULL,'CALLE 695',28000,'MADRID','MADRID',NULL),(302,'94429338A','RODRIGO','BERNAL','CENTRO SALUD 500','1967-07-02',NULL,'CALLE 310',50000,'ZARAGOZA','ZARAGOZA',NULL),(303,'29618661H','MARIA','CHAMORRO','CENTRO SALUD 540','1988-07-02',NULL,'CALLE 375',NULL,NULL,NULL,NULL),(304,'10997426R','LUCAS','GARRIDO','CENTRO SALUD 667','1989-07-02',NULL,'CALLE 1',28000,'MADRID','MADRID',NULL),(305,'98912489D','LAURA','MANZANO','CENTRO SALUD 636','1967-07-02',NULL,'CALLE 228',8000,'BARCELONA','BARCELONA',NULL),(306,'86129139Q','LAURA','BARCALA','CENTRO SALUD 393','1964-07-02',NULL,'CALLE 228',8000,'BARCELONA','BARCELONA',NULL),(307,'59408276H','CARLA','ESTEVES','CENTRO SALUD 114','1958-07-02',NULL,'CALLE 244',28000,'MADRID','MADRID',NULL),(308,'56834651H','CARLA','BERNAL','CENTRO SALUD 220','1996-07-02',NULL,'CALLE 450',8000,'BARCELONA','BARCELONA',NULL),(309,'5896959A','OLIVIA','BARCALA','CENTRO SALUD 579','1962-07-02',NULL,'CALLE 92',8000,'BARCELONA','BARCELONA',NULL),(310,'9023575V','LUCAS','HERRERA','CENTRO SALUD 670','1968-07-02',NULL,'CALLE 575',28000,'MADRID','MADRID',NULL),(311,'6675498N','FRANCISCO','CHAMORRO','CENTRO SALUD 670','1961-07-02',NULL,'CALLE 453',8000,'BARCELONA','BARCELONA',NULL),(312,'15002630Q','CARLA','BERNAL','CENTRO SALUD 226','1995-07-02',NULL,'CALLE 553',41000,'SEVILLA','SEVILLA',NULL),(313,'43263990R','RODRIGO','MANZANO','CENTRO SALUD 956','1982-07-02',NULL,'CALLE 42',41000,'SEVILLA','SEVILLA',NULL),(314,'32918371S','CARLA','HERRERA','CENTRO SALUD 498','1963-07-02',NULL,'CALLE 467',28000,'MADRID','MADRID',NULL),(315,'74538485P','CARLA','BERNAL','CENTRO SALUD 965','1957-07-01',NULL,'CALLE 899',NULL,NULL,NULL,NULL),(316,'68832874H','MARIA','BARCALA','CENTRO SALUD 649','1983-07-02',NULL,'CALLE 906',NULL,NULL,NULL,NULL),(317,'89113464C','CARLA','ESTEVES','CENTRO SALUD 883','1965-07-02',NULL,'CALLE 794',50000,'ZARAGOZA','ZARAGOZA',NULL),(318,'85112093T','RODRIGO','HERRERA','CENTRO SALUD 406','1975-07-02',NULL,'CALLE 654',50000,'ZARAGOZA','ZARAGOZA',NULL),(319,'14986150I','RODRIGO','HERRERA','CENTRO SALUD 46','1980-07-02',NULL,'CALLE 854',8000,'BARCELONA','BARCELONA',NULL),(320,'20561084L','CARLA','GARRIDO','CENTRO SALUD 808','1965-07-02',NULL,'CALLE 754',8000,'BARCELONA','BARCELONA',NULL),(321,'29943258U','LUCAS','MANZANO','CENTRO SALUD 648','1971-07-02',NULL,'CALLE 239',NULL,NULL,NULL,NULL),(322,'99519123O','LUCAS','MANZANO','CENTRO SALUD 179','1989-07-02',NULL,'CALLE 932',NULL,NULL,NULL,NULL),(323,'858130G','RODRIGO','BARCALA','CENTRO SALUD 590','1961-07-02',NULL,'CALLE 988',50000,'ZARAGOZA','ZARAGOZA',NULL),(324,'8734202D','FRANCISCO','ESTEVES','CENTRO SALUD 221','1983-07-01',NULL,'CALLE 985',28000,'MADRID','MADRID',NULL),(325,'51220766E','RODRIGO','MANZANO','CENTRO SALUD 970','1986-07-02',NULL,'CALLE 223',41000,'SEVILLA','SEVILLA',NULL),(326,'22090748N','LUCAS','BARCALA','CENTRO SALUD 115','1972-07-02',NULL,'CALLE 736',41000,'SEVILLA','SEVILLA',NULL),(327,'5127498X','MARIA','CHAMORRO','CENTRO SALUD 705','1958-07-02',NULL,'CALLE 835',50000,'ZARAGOZA','ZARAGOZA',NULL),(328,'42547725K','OLIVIA','BERNAL','CENTRO SALUD 591','1990-07-01',NULL,'CALLE 339',8000,'BARCELONA','BARCELONA',NULL),(329,'65577062O','OLIVIA','CHAMORRO','CENTRO SALUD 123','1983-07-02',NULL,'CALLE 400',NULL,NULL,NULL,NULL),(330,'67550582M','FRANCISCO','CHAMORRO','CENTRO SALUD 662','1960-07-02',NULL,'CALLE 612',NULL,NULL,NULL,NULL),(331,'99329684V','RODRIGO','MANZANO','CENTRO SALUD 118','1961-07-02',NULL,'CALLE 322',50000,'ZARAGOZA','ZARAGOZA',NULL),(332,'81939178C','LUCAS','CHAMORRO','CENTRO SALUD 119','1993-07-02',NULL,'CALLE 457',41000,'SEVILLA','SEVILLA',NULL),(333,'39008280B','MATEO','HERRERA','CENTRO SALUD 583','1993-07-02',NULL,'CALLE 462',28000,'MADRID','MADRID',NULL),(334,'95435573I','CARLA','GOMEZ','CENTRO SALUD 935','1978-07-02',NULL,'CALLE 692',41000,'SEVILLA','SEVILLA',NULL),(335,'28916689K','MATEO','HERRERA','CENTRO SALUD 375','1989-07-02',NULL,'CALLE 540',28000,'MADRID','MADRID',NULL),(336,'80414399U','LAURA','ESTEVES','CENTRO SALUD 458','1971-07-02',NULL,'CALLE 269',50000,'ZARAGOZA','ZARAGOZA',NULL),(337,'63469818H','MARIA','MANZANO','CENTRO SALUD 153','1990-07-02',NULL,'CALLE 242',41000,'SEVILLA','SEVILLA',NULL),(338,'70895790X','LAURA','GARRIDO','CENTRO SALUD 199','1968-07-02',NULL,'CALLE 98',8000,'BARCELONA','BARCELONA',NULL),(339,'39347296A','OLIVIA','BARCALA','CENTRO SALUD 823','1960-07-02',NULL,'CALLE 717',50000,'ZARAGOZA','ZARAGOZA',NULL),(340,'53177327X','MATEO','CHAMORRO','CENTRO SALUD 702','1994-07-02',NULL,'CALLE 826',8000,'BARCELONA','BARCELONA',NULL),(341,'84573401Y','RODRIGO','GARRIDO','CENTRO SALUD 625','1970-07-02',NULL,'CALLE 880',28000,'MADRID','MADRID',NULL),(342,'17860816E','RODRIGO','GOMEZ','CENTRO SALUD 480','1991-07-02',NULL,'CALLE 419',8000,'BARCELONA','BARCELONA',NULL),(343,'19435896R','OLIVIA','BARCALA','CENTRO SALUD 743','1975-07-02',NULL,'CALLE 130',8000,'BARCELONA','BARCELONA',NULL),(344,'87928011B','LAURA','MANZANO','CENTRO SALUD 126','1959-07-02',NULL,'CALLE 162',NULL,NULL,NULL,NULL),(345,'7112185E','MARIA','HERRERA','CENTRO SALUD 943','1994-07-02',NULL,'CALLE 925',41000,'SEVILLA','SEVILLA',NULL),(346,'85470625T','RODRIGO','BERNAL','CENTRO SALUD 581','1957-07-02',NULL,'CALLE 270',41000,'SEVILLA','SEVILLA',NULL),(347,'77088486S','RODRIGO','GARRIDO','CENTRO SALUD 347','1983-07-02',NULL,'CALLE 633',28000,'MADRID','MADRID',NULL),(348,'51162459T','FRANCISCO','CHAMORRO','CENTRO SALUD 747','1984-07-02',NULL,'CALLE 53',8000,'BARCELONA','BARCELONA',NULL),(349,'99035921I','CARLA','GOMEZ','CENTRO SALUD 748','1971-07-02',NULL,'CALLE 543',NULL,NULL,NULL,NULL),(350,'89477416H','CARLA','ESTEVES','CENTRO SALUD 499','1971-07-02',NULL,'CALLE 759',28000,'MADRID','MADRID',NULL),(351,'84664164E','RODRIGO','BERNAL','CENTRO SALUD 362','1958-07-02',NULL,'CALLE 643',28000,'MADRID','MADRID',NULL),(352,'73602447L','MATEO','GARRIDO','CENTRO SALUD 501','1984-07-02',NULL,'CALLE 392',41000,'SEVILLA','SEVILLA',NULL),(353,'54126709M','CARLA','HERRERA','CENTRO SALUD 239','1971-07-02',NULL,'CALLE 441',41000,'SEVILLA','SEVILLA',NULL),(354,'56187050I','OLIVIA','CHAMORRO','CENTRO SALUD 920','1982-07-01',NULL,'CALLE 78',NULL,NULL,NULL,NULL),(355,'27015542Y','MATEO','CHAMORRO','CENTRO SALUD 792','1981-07-02',NULL,'CALLE 784',50000,'ZARAGOZA','ZARAGOZA',NULL),(356,'61625301P','MATEO','MANZANO','CENTRO SALUD 70','1957-07-02',NULL,'CALLE 316',28000,'MADRID','MADRID',NULL),(357,'93050285H','LAURA','CHAMORRO','CENTRO SALUD 753','1981-07-02',NULL,'CALLE 161',50000,'ZARAGOZA','ZARAGOZA',NULL),(358,'87933796J','MATEO','ESTEVES','CENTRO SALUD 121','1966-07-02',NULL,'CALLE 512',50000,'ZARAGOZA','ZARAGOZA',NULL),(359,'89190410S','OLIVIA','CHAMORRO','CENTRO SALUD 908','1988-07-02',NULL,'CALLE 227',28000,'MADRID','MADRID',NULL),(360,'21193033Q','LAURA','GARRIDO','CENTRO SALUD 885','1985-07-02',NULL,'CALLE 433',28000,'MADRID','MADRID',NULL),(361,'62921803J','LUCAS','BERNAL','CENTRO SALUD 33','1981-07-02',NULL,'CALLE 607',28000,'MADRID','MADRID',NULL),(362,'58834900J','LUCAS','BERNAL','CENTRO SALUD 198','1991-07-02',NULL,'CALLE 544',8000,'BARCELONA','BARCELONA',NULL),(363,'51453479A','MARIA','HERRERA','CENTRO SALUD 196','1983-07-02',NULL,'CALLE 865',NULL,NULL,NULL,NULL),(364,'13394020X','RODRIGO','CHAMORRO','CENTRO SALUD 812','1964-07-02',NULL,'CALLE 789',NULL,NULL,NULL,NULL),(365,'31039416W','MARIA','BERNAL','CENTRO SALUD 873','1983-07-02',NULL,'CALLE 468',NULL,NULL,NULL,NULL);
/*!40000 ALTER TABLE `proveedores` ENABLE KEYS */;
UNLOCK TABLES;

--
-- Table structure for table `recibos`
--

DROP TABLE IF EXISTS `recibos`;
/*!40101 SET @saved_cs_client     = @@character_set_client */;
/*!40101 SET character_set_client = utf8 */;
CREATE TABLE `recibos` (
  `idrecibos` int(11) NOT NULL AUTO_INCREMENT,
  `poliza` int(11) DEFAULT NULL,
  `certificado` int(11) DEFAULT NULL,
  `fechaemision` date DEFAULT NULL,
  `fechageneracion` varchar(45) DEFAULT NULL,
  `importe` decimal(10,2) DEFAULT NULL,
  `prima` decimal(10,2) DEFAULT NULL,
  `copago` decimal(10,2) DEFAULT NULL,
  PRIMARY KEY (`idrecibos`),
  KEY `fk_recibos_1_idx` (`poliza`,`certificado`),
  CONSTRAINT `fk_recibos_1` FOREIGN KEY (`poliza`, `certificado`) REFERENCES `polizas` (`poliza`, `certificado`) ON DELETE NO ACTION ON UPDATE NO ACTION
) ENGINE=InnoDB AUTO_INCREMENT=366 DEFAULT CHARSET=latin1;
/*!40101 SET character_set_client = @saved_cs_client */;

--
-- Dumping data for table `recibos`
--

LOCK TABLES `recibos` WRITE;
/*!40000 ALTER TABLE `recibos` DISABLE KEYS */;
INSERT INTO `recibos` VALUES (1,1,10,'2016-02-04','2016-01-27',109.45,107.20,NULL),(2,2,10,'2016-02-04','2016-01-27',141.08,84.51,NULL),(3,3,10,'2016-02-04','2016-01-27',81.95,74.82,NULL),(4,4,10,'2016-02-04','2016-01-27',149.57,104.44,NULL),(5,5,10,'2016-02-04','2016-01-27',77.47,72.41,NULL),(6,6,10,'2016-02-04','2016-01-27',88.45,74.78,NULL),(7,7,10,'2016-02-04','2016-01-27',123.14,118.34,NULL),(8,8,10,'2016-02-04','2016-01-27',121.08,38.76,NULL),(9,9,10,'2016-02-04','2016-01-27',51.51,41.31,NULL),(10,10,10,'2016-02-04','2016-01-27',77.93,63.30,NULL),(11,11,10,'2016-02-04','2016-01-27',180.13,104.40,NULL),(12,12,10,'2016-02-04','2016-01-27',123.42,104.71,NULL),(13,13,10,'2016-02-04','2016-01-27',149.19,73.63,NULL),(14,14,10,'2016-02-04','2016-01-27',82.63,64.76,NULL),(15,15,10,'2016-02-04','2016-01-27',130.53,93.55,NULL),(16,16,10,'2016-02-04','2016-01-27',75.51,43.25,NULL),(17,17,10,'2016-02-04','2016-01-27',109.25,78.75,NULL),(18,18,10,'2016-02-04','2016-01-27',93.40,56.73,NULL),(19,19,10,'2016-02-04','2016-01-27',84.01,70.31,NULL),(20,20,10,'2016-02-04','2016-01-27',79.96,72.04,NULL),(21,21,10,'2016-02-04','2016-01-27',54.62,30.06,NULL),(22,22,10,'2016-02-04','2016-01-27',40.07,33.81,NULL),(23,23,10,'2016-02-04','2016-01-27',138.84,54.32,NULL),(24,24,10,'2016-02-04','2016-01-27',126.94,44.06,NULL),(25,25,10,'2016-02-04','2016-01-27',134.72,92.10,NULL),(26,26,10,'2016-02-04','2016-01-27',147.03,118.54,NULL),(27,27,10,'2016-02-04','2016-01-27',96.73,89.73,NULL),(28,28,10,'2016-02-04','2016-01-27',106.11,88.35,NULL),(29,29,10,'2016-02-04','2016-01-27',29.56,23.17,NULL),(30,30,10,'2016-02-04','2016-01-27',84.19,35.31,NULL),(31,31,10,'2016-03-04','2016-02-27',53.69,46.66,NULL),(32,32,10,'2016-03-04','2016-02-27',53.90,47.93,NULL),(33,33,10,'2016-03-04','2016-02-27',137.01,95.11,NULL),(34,34,10,'2016-03-04','2016-02-27',116.25,102.83,NULL),(35,35,10,'2016-03-04','2016-02-27',124.65,119.49,NULL),(36,36,10,'2016-03-04','2016-02-27',135.65,119.67,NULL),(37,37,10,'2016-03-04','2016-02-27',88.75,80.72,NULL),(38,38,10,'2016-03-04','2016-02-27',58.05,30.60,NULL),(39,39,10,'2016-03-04','2016-02-27',96.95,74.77,NULL),(40,40,10,'2016-03-04','2016-02-27',51.48,45.20,NULL),(41,41,10,'2016-03-04','2016-02-27',37.89,32.49,NULL),(42,42,10,'2016-03-04','2016-02-27',178.10,92.99,NULL),(43,43,10,'2016-03-04','2016-02-27',100.69,94.91,NULL),(44,44,10,'2016-03-04','2016-02-27',110.73,49.34,NULL),(45,45,10,'2016-03-04','2016-02-27',52.74,46.67,NULL),(46,46,10,'2016-03-04','2016-02-27',54.25,48.84,NULL),(47,47,10,'2016-03-04','2016-02-27',50.08,26.29,NULL),(48,48,10,'2016-03-04','2016-02-27',118.03,85.22,NULL),(49,49,10,'2016-03-04','2016-02-27',70.72,21.87,NULL),(50,50,10,'2016-03-04','2016-02-27',77.83,60.50,NULL),(51,51,10,'2016-03-04','2016-02-27',143.50,109.34,NULL),(52,52,10,'2016-03-04','2016-02-27',36.46,21.47,NULL),(53,53,10,'2016-03-04','2016-02-27',117.78,81.25,NULL),(54,54,10,'2016-03-04','2016-02-27',129.92,94.47,NULL),(55,55,10,'2016-03-04','2016-02-27',138.60,86.75,NULL),(56,56,10,'2016-03-04','2016-02-27',71.18,54.61,NULL),(57,57,10,'2016-03-04','2016-02-27',98.05,88.30,NULL),(58,58,10,'2016-03-04','2016-02-27',117.42,101.61,NULL),(59,59,10,'2016-03-04','2016-02-27',155.44,119.28,NULL),(60,60,10,'2016-04-04','2016-03-27',61.26,44.12,NULL),(61,61,10,'2016-04-04','2016-03-27',52.89,20.11,NULL),(62,62,10,'2016-04-04','2016-03-27',47.05,30.27,NULL),(63,63,10,'2016-04-04','2016-03-27',100.76,67.94,NULL),(64,64,10,'2016-04-04','2016-03-27',76.76,73.42,NULL),(65,65,10,'2016-04-04','2016-03-27',141.94,119.75,NULL),(66,66,10,'2016-04-04','2016-03-27',96.65,71.09,NULL),(67,67,10,'2016-04-04','2016-03-27',94.92,27.17,NULL),(68,68,10,'2016-04-04','2016-03-27',87.56,28.54,NULL),(69,69,10,'2016-04-04','2016-03-27',139.88,118.97,NULL),(70,70,10,'2016-04-04','2016-03-27',64.90,51.55,NULL),(71,71,10,'2016-04-04','2016-03-27',149.32,104.36,NULL),(72,72,10,'2016-04-04','2016-03-27',137.15,100.57,NULL),(73,73,10,'2016-04-04','2016-03-27',54.02,48.04,NULL),(74,74,10,'2016-04-04','2016-03-27',44.64,20.76,NULL),(75,75,10,'2016-04-04','2016-03-27',31.05,29.97,NULL),(76,76,10,'2016-04-04','2016-03-27',153.61,96.63,NULL),(77,77,10,'2016-04-04','2016-03-27',71.40,62.78,NULL),(78,78,10,'2016-04-04','2016-03-27',121.47,101.70,NULL),(79,79,10,'2016-04-04','2016-03-27',103.33,92.57,NULL),(80,80,10,'2016-04-04','2016-03-27',125.37,78.32,NULL),(81,81,10,'2016-04-04','2016-03-27',162.82,60.03,NULL),(82,82,10,'2016-04-04','2016-03-27',51.01,37.04,NULL),(83,83,10,'2016-04-04','2016-03-27',172.61,97.73,NULL),(84,84,10,'2016-04-04','2016-03-27',80.56,32.13,NULL),(85,85,10,'2016-04-04','2016-03-27',158.51,111.17,NULL),(86,86,10,'2016-04-04','2016-03-27',101.94,86.21,NULL),(87,87,10,'2016-04-04','2016-03-27',154.21,61.02,NULL),(88,88,10,'2016-04-04','2016-03-27',144.85,108.33,NULL),(89,89,10,'2016-04-04','2016-03-27',98.60,87.33,NULL),(90,90,10,'2016-04-04','2016-03-27',55.01,39.92,NULL),(91,91,10,'2016-05-04','2016-04-27',114.71,58.19,NULL),(92,92,10,'2016-05-04','2016-04-27',132.99,51.98,NULL),(93,93,10,'2016-05-04','2016-04-27',41.47,36.79,NULL),(94,94,10,'2016-05-04','2016-04-27',118.75,100.95,NULL),(95,95,10,'2016-05-04','2016-04-27',97.99,91.58,NULL),(96,96,10,'2016-05-04','2016-04-27',61.85,58.94,NULL),(97,97,10,'2016-05-04','2016-04-27',121.76,109.45,NULL),(98,98,10,'2016-05-04','2016-04-27',35.13,24.75,NULL),(99,99,10,'2016-05-04','2016-04-27',111.71,34.55,NULL),(100,100,10,'2016-05-04','2016-04-27',96.82,58.47,NULL),(101,101,10,'2016-05-04','2016-04-27',65.05,41.42,NULL),(102,102,10,'2016-05-04','2016-04-27',114.73,99.17,NULL),(103,103,10,'2016-05-04','2016-04-27',33.71,30.13,NULL),(104,104,10,'2016-05-04','2016-04-27',34.60,21.77,NULL),(105,105,10,'2016-05-04','2016-04-27',142.86,107.48,NULL),(106,106,10,'2016-05-04','2016-04-27',77.90,56.59,NULL),(107,107,10,'2016-05-04','2016-04-27',97.10,24.40,NULL),(108,108,10,'2016-05-04','2016-04-27',104.66,100.85,NULL),(109,109,10,'2016-05-04','2016-04-27',41.18,36.00,NULL),(110,110,10,'2016-05-04','2016-04-27',179.45,118.95,NULL),(111,111,10,'2016-05-04','2016-04-27',109.21,79.99,NULL),(112,112,10,'2016-05-04','2016-04-27',125.30,97.11,NULL),(113,113,10,'2016-05-04','2016-04-27',102.53,70.25,NULL),(114,114,10,'2016-05-04','2016-04-27',132.46,98.94,NULL),(115,115,10,'2016-05-04','2016-04-27',135.98,45.64,NULL),(116,116,10,'2016-05-04','2016-04-27',86.83,65.85,NULL),(117,117,10,'2016-05-04','2016-04-27',85.65,46.40,NULL),(118,118,10,'2016-05-04','2016-04-27',119.81,107.65,NULL),(119,119,10,'2016-05-04','2016-04-27',89.93,62.27,NULL),(120,120,10,'2016-05-04','2016-04-27',223.41,109.53,NULL),(121,121,10,'2016-06-04','2016-05-27',115.02,23.70,NULL),(122,122,10,'2016-06-04','2016-05-27',138.85,88.89,NULL),(123,123,10,'2016-06-04','2016-05-27',82.63,27.19,NULL),(124,124,10,'2016-06-04','2016-05-27',82.32,70.56,NULL),(125,125,10,'2016-06-04','2016-05-27',81.90,78.12,NULL),(126,126,10,'2016-06-04','2016-05-27',88.85,70.77,NULL),(127,127,10,'2016-06-04','2016-05-27',132.09,87.70,NULL),(128,128,10,'2016-06-04','2016-05-27',148.11,112.18,NULL),(129,129,10,'2016-06-04','2016-05-27',112.42,63.51,NULL),(130,130,10,'2016-06-04','2016-05-27',105.27,22.55,NULL),(131,131,10,'2016-06-04','2016-05-27',133.28,93.71,NULL),(132,132,10,'2016-06-04','2016-05-27',109.08,32.66,NULL),(133,133,10,'2016-06-04','2016-05-27',121.27,83.08,NULL),(134,134,10,'2016-06-04','2016-05-27',112.51,78.88,NULL),(135,135,10,'2016-06-04','2016-05-27',164.83,102.16,NULL),(136,136,10,'2016-06-04','2016-05-27',102.03,53.98,NULL),(137,137,10,'2016-06-04','2016-05-27',96.53,88.83,NULL),(138,138,10,'2016-06-04','2016-05-27',46.54,40.75,NULL),(139,139,10,'2016-06-04','2016-05-27',124.04,117.02,NULL),(140,140,10,'2016-06-04','2016-05-27',117.15,90.77,NULL),(141,141,10,'2016-06-04','2016-05-27',111.76,84.07,NULL),(142,142,10,'2016-06-04','2016-05-27',108.21,86.86,NULL),(143,143,10,'2016-06-04','2016-05-27',79.76,47.22,NULL),(144,144,10,'2016-06-04','2016-05-27',94.16,80.99,NULL),(145,145,10,'2016-06-04','2016-05-27',170.78,99.20,NULL),(146,146,10,'2016-06-04','2016-05-27',112.52,110.10,NULL),(147,147,10,'2016-06-04','2016-05-27',132.67,96.27,NULL),(148,148,10,'2016-06-04','2016-05-27',63.28,42.65,NULL),(149,149,10,'2016-06-04','2016-05-27',130.85,68.53,NULL),(150,150,10,'2016-06-04','2016-05-27',120.58,32.99,NULL),(151,151,10,'2016-06-04','2016-05-27',54.47,32.98,NULL),(152,152,10,'2016-07-04','2016-06-27',116.34,99.65,NULL),(153,153,10,'2016-07-04','2016-06-27',174.67,91.88,NULL),(154,154,10,'2016-07-04','2016-06-27',127.41,88.87,NULL),(155,155,10,'2016-07-04','2016-06-27',81.42,66.70,NULL),(156,156,10,'2016-07-04','2016-06-27',188.29,90.09,NULL),(157,157,10,'2016-07-04','2016-06-27',72.92,49.33,NULL),(158,158,10,'2016-07-04','2016-06-27',91.64,60.10,NULL),(159,159,10,'2016-07-04','2016-06-27',131.39,119.17,NULL),(160,160,10,'2016-07-04','2016-06-27',96.57,93.45,NULL),(161,161,10,'2016-07-04','2016-06-27',80.41,42.79,NULL),(162,162,10,'2016-07-04','2016-06-27',98.17,88.82,NULL),(163,163,10,'2016-07-04','2016-06-27',109.03,89.58,NULL),(164,164,10,'2016-07-04','2016-06-27',89.93,83.54,NULL),(165,165,10,'2016-07-04','2016-06-27',88.86,56.17,NULL),(166,166,10,'2016-07-04','2016-06-27',121.47,80.91,NULL),(167,167,10,'2016-07-04','2016-06-27',82.53,55.83,NULL),(168,168,10,'2016-07-04','2016-06-27',75.00,40.45,NULL),(169,169,10,'2016-07-04','2016-06-27',149.02,48.31,NULL),(170,170,10,'2016-07-04','2016-06-27',121.27,30.50,NULL),(171,171,10,'2016-07-04','2016-06-27',79.18,63.90,NULL),(172,172,10,'2016-07-04','2016-06-27',100.96,63.78,NULL),(173,173,10,'2016-07-04','2016-06-27',60.73,59.03,NULL),(174,174,10,'2016-07-04','2016-06-27',34.93,23.04,NULL),(175,175,10,'2016-07-04','2016-06-27',127.11,105.82,NULL),(176,176,10,'2016-07-04','2016-06-27',104.04,73.89,NULL),(177,177,10,'2016-07-04','2016-06-27',120.98,109.63,NULL),(178,178,10,'2016-07-04','2016-06-27',137.10,105.59,NULL),(179,179,10,'2016-07-04','2016-06-27',109.57,54.08,NULL),(180,180,10,'2016-07-04','2016-06-27',74.19,35.52,NULL),(181,181,10,'2016-07-04','2016-06-27',123.38,77.51,NULL),(182,182,10,'2016-08-04','2016-07-27',122.02,89.71,NULL),(183,183,10,'2016-08-04','2016-07-27',111.12,69.28,NULL),(184,184,10,'2016-08-04','2016-07-27',180.55,114.86,NULL),(185,185,10,'2016-08-04','2016-07-27',94.85,66.39,NULL),(186,186,10,'2016-08-04','2016-07-27',188.12,105.45,NULL),(187,187,10,'2016-08-04','2016-07-27',177.77,119.22,NULL),(188,188,10,'2016-08-04','2016-07-27',196.72,93.74,NULL),(189,189,10,'2016-08-04','2016-07-27',118.33,54.50,NULL),(190,190,10,'2016-08-04','2016-07-27',104.65,43.09,NULL),(191,191,10,'2016-08-04','2016-07-27',142.72,81.28,NULL),(192,192,10,'2016-08-04','2016-07-27',103.23,100.34,NULL),(193,193,10,'2016-08-04','2016-07-27',152.09,118.09,NULL),(194,194,10,'2016-08-04','2016-07-27',102.84,88.39,NULL),(195,195,10,'2016-08-04','2016-07-27',124.82,82.66,NULL),(196,196,10,'2016-08-04','2016-07-27',133.17,82.03,NULL),(197,197,10,'2016-08-04','2016-07-27',46.26,29.30,NULL),(198,198,10,'2016-08-04','2016-07-27',148.42,82.25,NULL),(199,199,10,'2016-08-04','2016-07-27',114.01,104.05,NULL),(200,200,10,'2016-08-04','2016-07-27',82.92,40.77,NULL),(201,201,10,'2016-08-04','2016-07-27',120.38,117.40,NULL),(202,202,10,'2016-08-04','2016-07-27',86.38,76.61,NULL),(203,203,10,'2016-08-04','2016-07-27',44.62,25.90,NULL),(204,204,10,'2016-08-04','2016-07-27',125.21,118.03,NULL),(205,205,10,'2016-08-04','2016-07-27',176.00,110.86,NULL),(206,206,10,'2016-08-04','2016-07-27',126.29,119.07,NULL),(207,207,10,'2016-08-04','2016-07-27',145.17,68.18,NULL),(208,208,10,'2016-08-04','2016-07-27',148.90,83.56,NULL),(209,209,10,'2016-08-04','2016-07-27',133.11,105.92,NULL),(210,210,10,'2016-08-04','2016-07-27',135.91,85.61,NULL),(211,211,10,'2016-08-04','2016-07-27',102.60,81.72,NULL),(212,212,10,'2016-08-04','2016-07-27',151.98,105.92,NULL),(213,213,10,'2016-09-04','2016-08-27',77.50,20.46,NULL),(214,214,10,'2016-09-04','2016-08-27',85.21,29.96,NULL),(215,215,10,'2016-09-04','2016-08-27',42.05,21.31,NULL),(216,216,10,'2016-09-04','2016-08-27',125.21,68.50,NULL),(217,217,10,'2016-09-04','2016-08-27',121.98,73.39,NULL),(218,218,10,'2016-09-04','2016-08-27',108.96,62.41,NULL),(219,219,10,'2016-09-04','2016-08-27',85.53,28.18,NULL),(220,220,10,'2016-09-04','2016-08-27',166.93,97.13,NULL),(221,221,10,'2016-09-04','2016-08-27',75.90,67.28,NULL),(222,222,10,'2016-09-04','2016-08-27',112.53,99.55,NULL),(223,223,10,'2016-09-04','2016-08-27',74.21,41.55,NULL),(224,224,10,'2016-09-04','2016-08-27',111.62,108.56,NULL),(225,225,10,'2016-09-04','2016-08-27',124.65,110.59,NULL),(226,226,10,'2016-09-04','2016-08-27',38.49,29.23,NULL),(227,227,10,'2016-09-04','2016-08-27',133.70,82.29,NULL),(228,228,10,'2016-09-04','2016-08-27',35.23,28.66,NULL),(229,229,10,'2016-09-04','2016-08-27',90.44,63.04,NULL),(230,230,10,'2016-09-04','2016-08-27',79.36,68.54,NULL),(231,231,10,'2016-09-04','2016-08-27',114.38,83.83,NULL),(232,232,10,'2016-09-04','2016-08-27',97.78,37.67,NULL),(233,233,10,'2016-09-04','2016-08-27',108.43,32.26,NULL),(234,234,10,'2016-09-04','2016-08-27',130.53,96.39,NULL),(235,235,10,'2016-09-04','2016-08-27',72.76,66.10,NULL),(236,236,10,'2016-09-04','2016-08-27',92.62,72.67,NULL),(237,237,10,'2016-09-04','2016-08-27',91.60,88.91,NULL),(238,238,10,'2016-09-04','2016-08-27',111.11,102.59,NULL),(239,239,10,'2016-09-04','2016-08-27',113.99,69.03,NULL),(240,240,10,'2016-09-04','2016-08-27',150.36,81.14,NULL),(241,241,10,'2016-09-04','2016-08-27',113.06,90.90,NULL),(242,242,10,'2016-09-04','2016-08-27',103.64,96.38,NULL),(243,243,10,'2016-09-04','2016-08-27',46.45,28.34,NULL),(244,244,10,'2016-10-04','2016-09-27',69.81,61.15,NULL),(245,245,10,'2016-10-04','2016-09-27',137.50,109.80,NULL),(246,246,10,'2016-10-04','2016-09-27',87.51,46.56,NULL),(247,247,10,'2016-10-04','2016-09-27',60.14,28.64,NULL),(248,248,10,'2016-10-04','2016-09-27',79.00,76.43,NULL),(249,249,10,'2016-10-04','2016-09-27',158.00,90.35,NULL),(250,250,10,'2016-10-04','2016-09-27',96.29,90.51,NULL),(251,251,10,'2016-10-04','2016-09-27',170.34,118.68,NULL),(252,252,10,'2016-10-04','2016-09-27',68.17,35.18,NULL),(253,253,10,'2016-10-04','2016-09-27',88.29,85.11,NULL),(254,254,10,'2016-10-04','2016-09-27',91.35,82.80,NULL),(255,255,10,'2016-10-04','2016-09-27',80.75,53.57,NULL),(256,256,10,'2016-10-04','2016-09-27',30.10,27.91,NULL),(257,257,10,'2016-10-04','2016-09-27',49.14,21.63,NULL),(258,258,10,'2016-10-04','2016-09-27',88.29,75.64,NULL),(259,259,10,'2016-10-04','2016-09-27',29.14,22.51,NULL),(260,260,10,'2016-10-04','2016-09-27',174.15,105.85,NULL),(261,261,10,'2016-10-04','2016-09-27',129.68,109.50,NULL),(262,262,10,'2016-10-04','2016-09-27',75.63,63.43,NULL),(263,263,10,'2016-10-04','2016-09-27',116.55,76.92,NULL),(264,264,10,'2016-10-04','2016-09-27',118.53,75.26,NULL),(265,265,10,'2016-10-04','2016-09-27',148.82,107.53,NULL),(266,266,10,'2016-10-04','2016-09-27',38.43,21.12,NULL),(267,267,10,'2016-10-04','2016-09-27',53.22,38.34,NULL),(268,268,10,'2016-10-04','2016-09-27',176.37,82.97,NULL),(269,269,10,'2016-10-04','2016-09-27',63.54,52.78,NULL),(270,270,10,'2016-10-04','2016-09-27',124.57,56.87,NULL),(271,271,10,'2016-10-04','2016-09-27',144.64,78.17,NULL),(272,272,10,'2016-10-04','2016-09-27',115.31,87.27,NULL),(273,273,10,'2016-10-04','2016-09-27',71.51,47.68,NULL),(274,274,10,'2016-11-04','2016-10-27',113.15,77.28,NULL),(275,275,10,'2016-11-04','2016-10-27',151.78,93.74,NULL),(276,276,10,'2016-11-04','2016-10-27',58.35,48.80,NULL),(277,277,10,'2016-11-04','2016-10-27',82.42,61.85,NULL),(278,278,10,'2016-11-04','2016-10-27',99.08,61.42,NULL),(279,279,10,'2016-11-04','2016-10-27',103.93,96.72,NULL),(280,280,10,'2016-11-04','2016-10-27',177.25,119.72,NULL),(281,281,10,'2016-11-04','2016-10-27',80.74,72.36,NULL),(282,282,10,'2016-11-04','2016-10-27',118.66,101.79,NULL),(283,283,10,'2016-11-04','2016-10-27',159.96,105.70,NULL),(284,284,10,'2016-11-04','2016-10-27',127.45,59.75,NULL),(285,285,10,'2016-11-04','2016-10-27',79.64,70.93,NULL),(286,286,10,'2016-11-04','2016-10-27',124.07,86.30,NULL),(287,287,10,'2016-11-04','2016-10-27',167.94,79.92,NULL),(288,288,10,'2016-11-04','2016-10-27',118.40,71.73,NULL),(289,289,10,'2016-11-04','2016-10-27',126.29,76.54,NULL),(290,290,10,'2016-11-04','2016-10-27',143.84,84.41,NULL),(291,291,10,'2016-11-04','2016-10-27',150.81,83.51,NULL),(292,292,10,'2016-11-04','2016-10-27',90.06,77.17,NULL),(293,293,10,'2016-11-04','2016-10-27',98.72,31.53,NULL),(294,294,10,'2016-11-04','2016-10-27',102.83,92.37,NULL),(295,295,10,'2016-11-04','2016-10-27',122.11,104.71,NULL),(296,296,10,'2016-11-04','2016-10-27',147.90,60.66,NULL),(297,297,10,'2016-11-04','2016-10-27',57.47,47.61,NULL),(298,298,10,'2016-11-04','2016-10-27',158.47,106.76,NULL),(299,299,10,'2016-11-04','2016-10-27',154.33,90.46,NULL),(300,300,10,'2016-11-04','2016-10-27',145.95,92.37,NULL),(301,301,10,'2016-11-04','2016-10-27',85.56,58.49,NULL),(302,302,10,'2016-11-04','2016-10-27',146.24,84.44,NULL),(303,303,10,'2016-11-04','2016-10-27',38.25,26.53,NULL),(304,304,10,'2016-11-04','2016-10-27',100.80,61.82,NULL),(305,305,10,'2016-12-04','2016-11-27',120.50,107.54,NULL),(306,306,10,'2016-12-04','2016-11-27',128.59,99.64,NULL),(307,307,10,'2016-12-04','2016-11-27',143.75,84.11,NULL),(308,308,10,'2016-12-04','2016-11-27',116.70,59.80,NULL),(309,309,10,'2016-12-04','2016-11-27',85.97,35.61,NULL),(310,310,10,'2016-12-04','2016-11-27',97.59,65.16,NULL),(311,311,10,'2016-12-04','2016-11-27',85.98,21.16,NULL),(312,312,10,'2016-12-04','2016-11-27',93.77,74.71,NULL),(313,313,10,'2016-12-04','2016-11-27',134.76,96.58,NULL),(314,314,10,'2016-12-04','2016-11-27',106.42,93.84,NULL),(315,315,10,'2016-12-04','2016-11-27',148.24,111.29,NULL),(316,316,10,'2016-12-04','2016-11-27',78.07,66.17,NULL),(317,317,10,'2016-12-04','2016-11-27',83.46,45.22,NULL),(318,318,10,'2016-12-04','2016-11-27',114.28,76.64,NULL),(319,319,10,'2016-12-04','2016-11-27',32.99,20.80,NULL),(320,320,10,'2016-12-04','2016-11-27',109.47,79.70,NULL),(321,321,10,'2016-12-04','2016-11-27',154.60,99.82,NULL),(322,322,10,'2016-12-04','2016-11-27',44.03,26.16,NULL),(323,323,10,'2016-12-04','2016-11-27',100.48,30.39,NULL),(324,324,10,'2016-12-04','2016-11-27',120.52,102.77,NULL),(325,325,10,'2016-12-04','2016-11-27',133.27,97.67,NULL),(326,326,10,'2016-12-04','2016-11-27',140.15,118.51,NULL),(327,327,10,'2016-12-04','2016-11-27',146.72,88.44,NULL),(328,328,10,'2016-12-04','2016-11-27',90.14,57.41,NULL),(329,329,10,'2016-12-04','2016-11-27',108.42,25.51,NULL),(330,330,10,'2016-12-04','2016-11-27',76.84,48.23,NULL),(331,331,10,'2016-12-04','2016-11-27',114.65,45.48,NULL),(332,332,10,'2016-12-04','2016-11-27',136.23,101.84,NULL),(333,333,10,'2016-12-04','2016-11-27',99.88,77.16,NULL),(334,334,10,'2016-12-04','2016-11-27',58.64,49.32,NULL),(335,335,10,'2017-01-04','2016-12-27',79.57,47.81,NULL),(336,336,10,'2017-01-04','2016-12-27',129.34,89.06,NULL),(337,337,10,'2017-01-04','2016-12-27',53.94,21.99,NULL),(338,338,10,'2017-01-04','2016-12-27',58.02,46.50,NULL),(339,339,10,'2017-01-04','2016-12-27',117.83,115.01,NULL),(340,340,10,'2017-01-04','2016-12-27',65.29,57.02,NULL),(341,341,10,'2017-01-04','2016-12-27',125.55,114.93,NULL),(342,342,10,'2017-01-04','2016-12-27',116.73,58.63,NULL),(343,343,10,'2017-01-04','2016-12-27',72.77,43.06,NULL),(344,344,10,'2017-01-04','2016-12-27',83.86,77.75,NULL),(345,345,10,'2017-01-04','2016-12-27',96.66,55.47,NULL),(346,346,10,'2017-01-04','2016-12-27',69.36,25.03,NULL),(347,347,10,'2017-01-04','2016-12-27',79.33,29.66,NULL),(348,348,10,'2017-01-04','2016-12-27',94.13,65.35,NULL),(349,349,10,'2017-01-04','2016-12-27',70.84,66.72,NULL),(350,350,10,'2017-01-04','2016-12-27',58.67,51.62,NULL),(351,351,10,'2017-01-04','2016-12-27',107.53,99.32,NULL),(352,352,10,'2017-01-04','2016-12-27',79.85,78.40,NULL),(353,353,10,'2017-01-04','2016-12-27',102.44,21.26,NULL),(354,354,10,'2017-01-04','2016-12-27',96.37,80.09,NULL),(355,355,10,'2017-01-04','2016-12-27',96.47,80.69,NULL),(356,356,10,'2017-01-04','2016-12-27',123.57,85.18,NULL),(357,357,10,'2017-01-04','2016-12-27',149.86,108.79,NULL),(358,358,10,'2017-01-04','2016-12-27',87.60,79.69,NULL),(359,359,10,'2017-01-04','2016-12-27',139.35,70.25,NULL),(360,360,10,'2017-01-04','2016-12-27',92.49,69.07,NULL),(361,361,10,'2017-01-04','2016-12-27',77.40,75.01,NULL),(362,362,10,'2017-01-04','2016-12-27',181.45,105.32,NULL),(363,363,10,'2017-01-04','2016-12-27',47.69,30.48,NULL),(364,364,10,'2017-01-04','2016-12-27',115.79,69.74,NULL),(365,365,10,'2017-01-04','2016-12-27',95.05,80.15,NULL);
/*!40000 ALTER TABLE `recibos` ENABLE KEYS */;
UNLOCK TABLES;

--
-- Table structure for table `talon`
--

DROP TABLE IF EXISTS `talon`;
/*!40101 SET @saved_cs_client     = @@character_set_client */;
/*!40101 SET character_set_client = utf8 */;
CREATE TABLE `talon` (
  `idtalon` int(11) NOT NULL AUTO_INCREMENT,
  `poliza` int(11) DEFAULT NULL,
  `certificado` int(11) DEFAULT NULL,
  `codcliente` int(11) DEFAULT NULL,
  `codacto` int(11) DEFAULT NULL,
  `codespecialidad` int(11) DEFAULT NULL,
  `fechaconsulta` date DEFAULT NULL,
  `fechapagoprov` date DEFAULT NULL,
  `provrealiza` int(11) DEFAULT NULL,
  `provprescribe` int(11) DEFAULT NULL,
  `pagoprov` decimal(10,2) DEFAULT NULL,
  `pagocliente` decimal(10,2) DEFAULT NULL,
  `idliquidacion` int(11) DEFAULT NULL,
  `idrecibos` int(11) DEFAULT NULL,
  PRIMARY KEY (`idtalon`),
  KEY `fk_talon_1_idx` (`codcliente`),
  KEY `fk_talon_3_idx` (`certificado`),
  KEY `fk_talon_2_idx` (`poliza`,`certificado`),
  KEY `fk_talon_4_idx` (`codacto`),
  KEY `fk_talon_5_idx` (`codespecialidad`),
  KEY `fk_talon_3_idx1` (`provrealiza`,`provprescribe`),
  KEY `fk_talon_6_idx` (`provprescribe`),
  KEY `fk_talon_7_idx` (`idliquidacion`),
  KEY `fk_talon_8_idx` (`idrecibos`),
  CONSTRAINT `fk_talon_1` FOREIGN KEY (`codcliente`) REFERENCES `clientes` (`idclientes`) ON DELETE NO ACTION ON UPDATE NO ACTION,
  CONSTRAINT `fk_talon_2` FOREIGN KEY (`poliza`, `certificado`) REFERENCES `polizas` (`poliza`, `certificado`) ON DELETE NO ACTION ON UPDATE NO ACTION,
  CONSTRAINT `fk_talon_3` FOREIGN KEY (`provrealiza`) REFERENCES `proveedores` (`idproveedores`) ON DELETE NO ACTION ON UPDATE NO ACTION,
  CONSTRAINT `fk_talon_4` FOREIGN KEY (`codespecialidad`) REFERENCES `especialidades` (`codespecialidad`) ON DELETE NO ACTION ON UPDATE NO ACTION,
  CONSTRAINT `fk_talon_5` FOREIGN KEY (`codacto`) REFERENCES `actos` (`codactos`) ON DELETE NO ACTION ON UPDATE NO ACTION,
  CONSTRAINT `fk_talon_6` FOREIGN KEY (`provprescribe`) REFERENCES `proveedores` (`idproveedores`) ON DELETE NO ACTION ON UPDATE NO ACTION,
  CONSTRAINT `fk_talon_7` FOREIGN KEY (`idliquidacion`) REFERENCES `liquida` (`idliquida`) ON DELETE NO ACTION ON UPDATE NO ACTION,
  CONSTRAINT `fk_talon_8` FOREIGN KEY (`idrecibos`) REFERENCES `recibos` (`idrecibos`) ON DELETE NO ACTION ON UPDATE NO ACTION
) ENGINE=InnoDB AUTO_INCREMENT=366 DEFAULT CHARSET=latin1;
/*!40101 SET character_set_client = @saved_cs_client */;

--
-- Dumping data for table `talon`
--

LOCK TABLES `talon` WRITE;
/*!40000 ALTER TABLE `talon` DISABLE KEYS */;
INSERT INTO `talon` VALUES (1,1,10,1,9000,42,'2016-01-02','2016-01-24',1,NULL,33.47,2.25,1,1),(2,2,10,2,6,2,'2016-01-03','2016-01-24',2,NULL,90.75,56.57,2,2),(3,3,10,3,2726,2,'2016-01-04','2016-01-24',3,NULL,46.12,7.13,3,3),(4,4,10,4,2724,3,'2016-01-05','2016-01-24',4,NULL,89.24,45.13,4,4),(5,5,10,5,2724,2,'2016-01-06','2016-01-24',5,NULL,27.01,5.06,5,5),(6,6,10,6,2725,2,'2016-01-07','2016-01-24',6,NULL,69.77,13.67,6,6),(7,7,10,7,2724,3,'2016-01-08','2016-01-24',7,NULL,38.56,4.80,7,7),(8,8,10,8,9000,42,'2016-01-09','2016-01-24',8,NULL,107.64,82.32,8,8),(9,9,10,9,2727,3,'2016-01-10','2016-01-24',9,NULL,25.22,10.20,9,9),(10,10,10,10,2727,2,'2016-01-11','2016-01-24',10,NULL,23.52,14.63,10,10),(11,11,10,11,2725,2,'2016-01-12','2016-01-24',11,NULL,108.68,75.73,11,11),(12,12,10,12,2725,3,'2016-01-13','2016-01-24',12,NULL,27.55,18.71,12,12),(13,13,10,13,2725,2,'2016-01-14','2016-01-24',13,NULL,92.64,75.56,13,13),(14,14,10,14,2724,2,'2016-01-15','2016-01-24',14,NULL,84.96,17.87,14,14),(15,15,10,15,2725,3,'2016-01-16','2016-01-24',15,NULL,94.94,36.98,15,15),(16,16,10,16,9000,42,'2016-01-17','2016-01-24',16,NULL,63.74,32.26,16,16),(17,17,10,17,2724,3,'2016-01-18','2016-01-24',17,NULL,31.07,30.50,17,17),(18,18,10,18,2725,2,'2016-01-19','2016-01-24',18,NULL,116.00,36.67,18,18),(19,19,10,19,2726,2,'2016-01-20','2016-01-24',19,NULL,23.66,13.70,19,19),(20,20,10,20,2727,2,'2016-01-21','2016-01-24',20,NULL,70.13,7.92,20,20),(21,21,10,21,2724,3,'2016-01-22','2016-01-24',21,NULL,97.33,24.56,21,21),(22,22,10,22,2726,2,'2016-01-23','2016-01-24',22,NULL,112.72,6.26,22,22),(23,23,10,23,2724,2,'2016-01-24','2016-01-24',23,NULL,85.42,84.52,23,23),(24,24,10,24,2724,2,'2016-01-25','2016-01-24',24,NULL,97.69,82.88,24,24),(25,25,10,25,2726,3,'2016-01-26','2016-01-24',25,NULL,53.49,42.62,25,25),(26,26,10,26,2725,3,'2016-01-27','2016-01-24',26,NULL,103.23,28.49,26,26),(27,27,10,27,2724,3,'2016-01-28','2016-01-24',27,NULL,40.54,7.00,27,27),(28,28,10,28,2725,2,'2016-01-29','2016-01-24',28,NULL,41.59,17.76,28,28),(29,29,10,29,2724,3,'2016-01-30','2016-01-24',29,NULL,26.94,6.39,29,29),(30,30,10,30,2724,2,'2016-01-31','2016-01-24',30,NULL,119.81,48.88,30,30),(31,31,10,31,2725,2,'2016-02-01','2016-02-24',31,NULL,32.62,7.03,31,31),(32,32,10,32,2724,3,'2016-02-02','2016-02-24',32,NULL,21.01,5.97,32,32),(33,33,10,33,2724,2,'2016-02-03','2016-02-24',33,NULL,48.73,41.90,33,33),(34,34,10,34,2724,3,'2016-02-04','2016-02-24',34,NULL,70.52,13.42,34,34),(35,35,10,35,2724,2,'2016-02-05','2016-02-24',35,NULL,33.45,5.16,35,35),(36,36,10,36,2724,2,'2016-02-06','2016-02-24',36,NULL,24.55,15.98,36,36),(37,37,10,37,2724,3,'2016-02-07','2016-02-24',37,NULL,38.10,8.03,37,37),(38,38,10,38,9000,42,'2016-02-08','2016-02-24',38,NULL,56.78,27.45,38,38),(39,39,10,39,2724,3,'2016-02-09','2016-02-24',39,NULL,72.16,22.18,39,39),(40,40,10,40,2725,2,'2016-02-10','2016-02-24',40,NULL,21.26,6.28,40,40),(41,41,10,41,2724,2,'2016-02-11','2016-02-24',41,NULL,28.64,5.40,41,41),(42,42,10,42,2724,3,'2016-02-12','2016-02-24',42,NULL,117.88,85.11,42,42),(43,43,10,43,2727,3,'2016-02-13','2016-02-24',43,NULL,41.14,5.78,43,43),(44,44,10,44,2727,2,'2016-02-14','2016-02-24',44,NULL,100.34,61.39,44,44),(45,45,10,45,2724,2,'2016-02-15','2016-02-24',45,NULL,53.00,6.07,45,45),(46,46,10,46,2724,2,'2016-02-16','2016-02-24',46,NULL,47.11,5.41,46,46),(47,47,10,47,2724,2,'2016-02-17','2016-02-24',47,NULL,33.58,23.79,47,47),(48,48,10,48,2725,3,'2016-02-18','2016-02-24',48,NULL,48.76,32.81,48,48),(49,49,10,49,2724,3,'2016-02-19','2016-02-24',49,NULL,51.04,48.85,49,49),(50,50,10,50,2724,2,'2016-02-20','2016-02-24',50,NULL,44.92,17.33,50,50),(51,51,10,51,2724,2,'2016-02-21','2016-02-24',51,NULL,51.31,34.16,51,51),(52,52,10,52,9000,42,'2016-02-22','2016-02-24',52,NULL,31.32,14.99,52,52),(53,53,10,53,9000,42,'2016-02-23','2016-02-24',53,NULL,57.57,36.53,53,53),(54,54,10,54,2724,3,'2016-02-24','2016-02-24',54,NULL,70.85,35.45,54,54),(55,55,10,55,2725,2,'2016-02-25','2016-02-24',55,NULL,113.25,51.85,55,55),(56,56,10,56,2724,2,'2016-02-26','2016-02-24',56,NULL,83.94,16.57,56,56),(57,57,10,57,2725,3,'2016-02-27','2016-02-24',57,NULL,56.16,9.75,57,57),(58,58,10,58,2725,2,'2016-02-28','2016-02-24',58,NULL,106.28,15.81,58,58),(59,59,10,59,2724,2,'2016-02-29','2016-02-24',59,NULL,84.33,36.16,59,59),(60,60,10,60,2724,3,'2016-03-01','2016-03-24',60,NULL,55.76,17.14,60,60),(61,61,10,61,2725,2,'2016-03-02','2016-03-24',61,NULL,40.33,32.78,61,61),(62,62,10,62,2725,3,'2016-03-03','2016-03-24',62,NULL,78.63,16.78,62,62),(63,63,10,63,2724,2,'2016-03-04','2016-03-24',63,NULL,64.32,32.82,63,63),(64,64,10,64,2724,2,'2016-03-05','2016-03-24',64,NULL,26.21,3.34,64,64),(65,65,10,65,2724,2,'2016-03-06','2016-03-24',65,NULL,27.61,22.19,65,65),(66,66,10,66,9000,42,'2016-03-07','2016-03-24',66,NULL,48.48,25.56,66,66),(67,67,10,67,2724,2,'2016-03-08','2016-03-24',67,NULL,105.10,67.75,67,67),(68,68,10,68,2724,2,'2016-03-09','2016-03-24',68,NULL,68.49,59.02,68,68),(69,69,10,69,2724,2,'2016-03-10','2016-03-24',69,NULL,58.13,20.91,69,69),(70,70,10,70,2727,2,'2016-03-11','2016-03-24',70,NULL,38.33,13.35,70,70),(71,71,10,71,2724,2,'2016-03-12','2016-03-24',71,NULL,94.01,44.96,71,71),(72,72,10,72,2727,2,'2016-03-13','2016-03-24',72,NULL,94.38,36.58,72,72),(73,73,10,73,2725,2,'2016-03-14','2016-03-24',73,NULL,94.31,5.98,73,73),(74,74,10,74,2725,2,'2016-03-15','2016-03-24',74,NULL,86.96,23.88,74,74),(75,75,10,75,2724,3,'2016-03-16','2016-03-24',75,NULL,107.69,1.08,75,75),(76,76,10,76,2726,3,'2016-03-17','2016-03-24',76,NULL,70.85,56.98,76,76),(77,77,10,77,2726,3,'2016-03-18','2016-03-24',77,NULL,34.63,8.62,77,77),(78,78,10,78,2724,2,'2016-03-19','2016-03-24',78,NULL,30.66,19.77,78,78),(79,79,10,79,2724,3,'2016-03-20','2016-03-24',79,NULL,27.14,10.76,79,79),(80,80,10,80,2724,2,'2016-03-21','2016-03-24',80,NULL,81.02,47.05,80,80),(81,81,10,81,2724,2,'2016-03-22','2016-03-24',81,NULL,111.22,102.79,81,81),(82,82,10,82,2727,3,'2016-03-23','2016-03-24',82,NULL,39.29,13.97,82,82),(83,83,10,83,2726,2,'2016-03-24','2016-03-24',83,NULL,118.01,74.88,83,83),(84,84,10,84,2725,2,'2016-03-25','2016-03-24',84,NULL,108.23,48.43,84,84),(85,85,10,85,2724,2,'2016-03-26','2016-03-24',85,NULL,51.43,47.34,85,85),(86,86,10,86,2727,2,'2016-03-27','2016-03-24',86,NULL,53.71,15.73,86,86),(87,87,10,87,2726,3,'2016-03-28','2016-03-24',87,NULL,103.86,93.19,87,87),(88,88,10,88,2724,2,'2016-03-29','2016-03-24',88,NULL,37.98,36.52,88,88),(89,89,10,89,2724,2,'2016-03-30','2016-03-24',89,NULL,102.77,11.27,89,89),(90,90,10,90,2724,2,'2016-03-31','2016-03-24',90,NULL,31.68,15.09,90,90),(91,91,10,91,2726,2,'2016-04-01','2016-04-24',91,NULL,114.91,56.52,91,91),(92,92,10,92,2725,2,'2016-04-02','2016-04-24',92,NULL,91.65,81.01,92,92),(93,93,10,93,2727,3,'2016-04-03','2016-04-24',93,NULL,81.33,4.68,93,93),(94,94,10,94,2724,2,'2016-04-04','2016-04-24',94,NULL,44.65,17.80,94,94),(95,95,10,95,9000,42,'2016-04-05','2016-04-24',95,NULL,67.67,6.41,95,95),(96,96,10,96,3,3,'2016-04-06','2016-04-24',96,NULL,31.44,2.91,96,96),(97,97,10,97,2724,2,'2016-04-07','2016-04-24',97,NULL,109.39,12.31,97,97),(98,98,10,98,2725,2,'2016-04-08','2016-04-24',98,NULL,28.97,10.38,98,98),(99,99,10,99,2727,2,'2016-04-09','2016-04-24',99,NULL,118.59,77.16,99,99),(100,100,10,100,2725,2,'2016-04-10','2016-04-24',100,NULL,64.47,38.35,100,100),(101,101,10,101,2726,3,'2016-04-11','2016-04-24',101,NULL,70.95,23.63,101,101),(102,102,10,102,2725,2,'2016-04-12','2016-04-24',102,NULL,64.35,15.56,102,102),(103,103,10,103,2725,2,'2016-04-13','2016-04-24',103,NULL,23.71,3.58,103,103),(104,104,10,104,2725,2,'2016-04-14','2016-04-24',104,NULL,107.67,12.83,104,104),(105,105,10,105,2724,3,'2016-04-15','2016-04-24',105,NULL,117.64,35.38,105,105),(106,106,10,106,2724,3,'2016-04-16','2016-04-24',106,NULL,92.21,21.31,106,106),(107,107,10,107,2726,2,'2016-04-17','2016-04-24',107,NULL,108.07,72.70,107,107),(108,108,10,108,2724,3,'2016-04-18','2016-04-24',108,NULL,31.72,3.81,108,108),(109,109,10,109,2724,2,'2016-04-19','2016-04-24',109,NULL,68.40,5.18,109,109),(110,110,10,110,2724,2,'2016-04-20','2016-04-24',110,NULL,63.79,60.50,110,110),(111,111,10,111,2724,2,'2016-04-21','2016-04-24',111,NULL,54.71,29.22,111,111),(112,112,10,112,2725,3,'2016-04-22','2016-04-24',112,NULL,44.25,28.19,112,112),(113,113,10,113,2724,2,'2016-04-23','2016-04-24',113,NULL,39.39,32.28,113,113),(114,114,10,114,2724,2,'2016-04-24','2016-04-24',114,NULL,80.97,33.52,114,114),(115,115,10,115,2724,3,'2016-04-25','2016-04-24',115,NULL,93.26,90.34,115,115),(116,116,10,116,2724,3,'2016-04-26','2016-04-24',116,NULL,50.21,20.98,116,116),(117,117,10,117,2725,2,'2016-04-27','2016-04-24',117,NULL,39.40,39.25,117,117),(118,118,10,118,2724,3,'2016-04-28','2016-04-24',118,NULL,51.47,12.16,118,118),(119,119,10,119,2724,2,'2016-04-29','2016-04-24',119,NULL,30.75,27.66,119,119),(120,120,10,120,2724,2,'2016-04-30','2016-04-24',120,NULL,119.94,113.88,120,120),(121,121,10,121,2724,3,'2016-05-01','2016-05-24',121,NULL,91.86,91.32,121,121),(122,122,10,122,2724,3,'2016-05-02','2016-05-24',122,NULL,110.29,49.96,122,122),(123,123,10,123,9000,42,'2016-05-03','2016-05-24',123,NULL,70.03,55.44,123,123),(124,124,10,124,2724,2,'2016-05-04','2016-05-24',124,NULL,32.38,11.76,124,124),(125,125,10,125,2725,3,'2016-05-05','2016-05-24',125,NULL,90.10,3.78,125,125),(126,126,10,126,9000,42,'2016-05-06','2016-05-24',126,NULL,111.63,18.08,126,126),(127,127,10,127,9000,42,'2016-05-07','2016-05-24',127,NULL,45.26,44.39,127,127),(128,128,10,128,2724,2,'2016-05-08','2016-05-24',128,NULL,110.11,35.93,128,128),(129,129,10,129,2725,2,'2016-05-09','2016-05-24',129,NULL,50.52,48.91,129,129),(130,130,10,130,2724,2,'2016-05-10','2016-05-24',130,NULL,90.58,82.72,130,130),(131,131,10,131,2724,2,'2016-05-11','2016-05-24',131,NULL,63.73,39.57,131,131),(132,132,10,132,2726,3,'2016-05-12','2016-05-24',132,NULL,81.62,76.42,132,132),(133,133,10,133,2724,2,'2016-05-13','2016-05-24',133,NULL,103.32,38.19,133,133),(134,134,10,134,2726,2,'2016-05-14','2016-05-24',134,NULL,64.04,33.63,134,134),(135,135,10,135,2726,3,'2016-05-15','2016-05-24',135,NULL,92.21,62.67,135,135),(136,136,10,136,2724,3,'2016-05-16','2016-05-24',136,NULL,87.07,48.05,136,136),(137,137,10,137,2724,2,'2016-05-17','2016-05-24',137,NULL,58.19,7.70,137,137),(138,138,10,138,2724,3,'2016-05-18','2016-05-24',138,NULL,60.21,5.79,138,138),(139,139,10,139,2724,3,'2016-05-19','2016-05-24',139,NULL,23.20,7.02,139,139),(140,140,10,140,2724,3,'2016-05-20','2016-05-24',140,NULL,35.81,26.38,140,140),(141,141,10,141,2724,2,'2016-05-21','2016-05-24',141,NULL,105.62,27.69,141,141),(142,142,10,142,9000,42,'2016-05-22','2016-05-24',142,NULL,44.23,21.35,142,142),(143,143,10,143,2725,2,'2016-05-23','2016-05-24',143,NULL,57.75,32.54,143,143),(144,144,10,144,2724,3,'2016-05-24','2016-05-24',144,NULL,41.39,13.17,144,144),(145,145,10,145,2724,2,'2016-05-25','2016-05-24',145,NULL,97.44,71.58,145,145),(146,146,10,146,2724,2,'2016-05-26','2016-05-24',146,NULL,26.62,2.42,146,146),(147,147,10,147,2724,3,'2016-05-27','2016-05-24',147,NULL,43.96,36.40,147,147),(148,148,10,148,9000,42,'2016-05-28','2016-05-24',148,NULL,72.70,20.63,148,148),(149,149,10,149,2725,2,'2016-05-29','2016-05-24',149,NULL,101.58,62.32,149,149),(150,150,10,150,2725,2,'2016-05-30','2016-05-24',150,NULL,107.49,87.59,150,150),(151,151,10,151,2725,3,'2016-05-31','2016-05-24',151,NULL,35.15,21.49,151,151),(152,152,10,152,2724,2,'2016-06-01','2016-06-24',152,NULL,25.98,16.69,152,152),(153,153,10,153,2724,2,'2016-06-02','2016-06-24',153,NULL,86.57,82.79,153,153),(154,154,10,154,2724,2,'2016-06-03','2016-06-24',154,NULL,81.49,38.54,154,154),(155,155,10,155,2724,3,'2016-06-04','2016-06-24',155,NULL,64.35,14.72,155,155),(156,156,10,156,2727,2,'2016-06-05','2016-06-24',156,NULL,101.54,98.20,156,156),(157,157,10,157,2725,3,'2016-06-06','2016-06-24',157,NULL,52.55,23.59,157,157),(158,158,10,158,2724,2,'2016-06-07','2016-06-24',158,NULL,73.56,31.54,158,158),(159,159,10,159,2724,2,'2016-06-08','2016-06-24',159,NULL,24.62,12.22,159,159),(160,160,10,160,2724,2,'2016-06-09','2016-06-24',160,NULL,78.62,3.12,160,160),(161,161,10,161,2724,3,'2016-06-10','2016-06-24',161,NULL,91.67,37.62,161,161),(162,162,10,162,2726,3,'2016-06-11','2016-06-24',162,NULL,29.46,9.35,162,162),(163,163,10,163,9000,42,'2016-06-12','2016-06-24',163,NULL,34.92,19.45,163,163),(164,164,10,164,2724,2,'2016-06-13','2016-06-24',164,NULL,70.77,6.39,164,164),(165,165,10,165,2727,2,'2016-06-14','2016-06-24',165,NULL,58.31,32.69,165,165),(166,166,10,166,2724,3,'2016-06-15','2016-06-24',166,NULL,82.47,40.56,166,166),(167,167,10,167,2724,2,'2016-06-16','2016-06-24',167,NULL,29.11,26.70,167,167),(168,168,10,168,9000,42,'2016-06-17','2016-06-24',168,NULL,55.64,34.55,168,168),(169,169,10,169,2725,2,'2016-06-18','2016-06-24',169,NULL,111.47,100.71,169,169),(170,170,10,170,2725,2,'2016-06-19','2016-06-24',170,NULL,106.51,90.77,170,170),(171,171,10,171,2725,2,'2016-06-20','2016-06-24',171,NULL,43.83,15.28,171,171),(172,172,10,172,2725,3,'2016-06-21','2016-06-24',172,NULL,40.83,37.18,172,172),(173,173,10,173,2725,3,'2016-06-22','2016-06-24',173,NULL,35.83,1.70,173,173),(174,174,10,174,2725,2,'2016-06-23','2016-06-24',174,NULL,86.04,11.89,174,174),(175,175,10,175,2724,2,'2016-06-24','2016-06-24',175,NULL,95.55,21.29,175,175),(176,176,10,176,2724,2,'2016-06-25','2016-06-24',176,NULL,39.43,30.15,176,176),(177,177,10,177,2724,2,'2016-06-26','2016-06-24',177,NULL,43.32,11.35,177,177),(178,178,10,178,2725,2,'2016-06-27','2016-06-24',178,NULL,59.78,31.51,178,178),(179,179,10,179,2725,2,'2016-06-28','2016-06-24',179,NULL,109.38,55.49,179,179),(180,180,10,180,2725,3,'2016-06-29','2016-06-24',180,NULL,98.61,38.67,180,180),(181,181,10,181,2724,2,'2016-06-30','2016-06-24',181,NULL,74.85,45.87,181,181),(182,182,10,182,9000,42,'2016-07-01','2016-07-24',182,NULL,78.15,32.31,182,182),(183,183,10,183,2726,3,'2016-07-02','2016-07-24',183,NULL,45.31,41.84,183,183),(184,184,10,184,2724,2,'2016-07-03','2016-07-24',184,NULL,84.45,65.69,184,184),(185,185,10,185,2724,3,'2016-07-04','2016-07-24',185,NULL,33.25,28.46,185,185),(186,186,10,186,2724,2,'2016-07-05','2016-07-24',186,NULL,107.86,82.67,186,186),(187,187,10,187,2724,3,'2016-07-06','2016-07-24',187,NULL,107.78,58.55,187,187),(188,188,10,188,2725,2,'2016-07-07','2016-07-24',188,NULL,104.99,102.98,188,188),(189,189,10,189,2724,2,'2016-07-08','2016-07-24',189,NULL,82.77,63.83,189,189),(190,190,10,190,2724,3,'2016-07-09','2016-07-24',190,NULL,111.19,61.56,190,190),(191,191,10,191,2724,2,'2016-07-10','2016-07-24',191,NULL,74.91,61.44,191,191),(192,192,10,192,9000,42,'2016-07-11','2016-07-24',192,NULL,24.75,2.89,192,192),(193,193,10,193,2726,3,'2016-07-12','2016-07-24',193,NULL,56.17,34.00,193,193),(194,194,10,194,9000,42,'2016-07-13','2016-07-24',194,NULL,80.24,14.45,194,194),(195,195,10,195,2726,2,'2016-07-14','2016-07-24',195,NULL,80.04,42.16,195,195),(196,196,10,196,9000,42,'2016-07-15','2016-07-24',196,NULL,76.83,51.14,196,196),(197,197,10,197,2724,2,'2016-07-16','2016-07-24',197,NULL,87.76,16.96,197,197),(198,198,10,198,2724,2,'2016-07-17','2016-07-24',198,NULL,90.52,66.17,198,198),(199,199,10,199,2,1,'2016-07-18','2016-07-24',199,NULL,87.55,9.96,199,199),(200,200,10,200,2724,2,'2016-07-19','2016-07-24',200,NULL,67.43,42.15,200,200),(201,201,10,201,2724,2,'2016-07-20','2016-07-24',201,NULL,46.32,2.98,201,201),(202,202,10,202,2727,3,'2016-07-21','2016-07-24',202,NULL,79.44,9.77,202,202),(203,203,10,203,2724,2,'2016-07-22','2016-07-24',203,NULL,53.44,18.72,203,203),(204,204,10,204,2724,3,'2016-07-23','2016-07-24',204,NULL,46.75,7.18,204,204),(205,205,10,205,2724,3,'2016-07-24','2016-07-24',205,NULL,97.11,65.14,205,205),(206,206,10,206,2724,3,'2016-07-25','2016-07-24',206,NULL,20.59,7.22,206,206),(207,207,10,207,2726,2,'2016-07-26','2016-07-24',207,NULL,86.19,76.99,207,207),(208,208,10,208,2724,2,'2016-07-27','2016-07-24',208,NULL,113.79,65.34,208,208),(209,209,10,209,2724,2,'2016-07-28','2016-07-24',209,NULL,59.66,27.19,209,209),(210,210,10,210,2724,3,'2016-07-29','2016-07-24',210,NULL,85.34,50.30,210,210),(211,211,10,211,2727,2,'2016-07-30','2016-07-24',211,NULL,25.88,20.88,211,211),(212,212,10,212,2726,2,'2016-07-31','2016-07-24',212,NULL,93.36,46.06,212,212),(213,213,10,213,2724,2,'2016-08-01','2016-08-24',213,NULL,101.34,57.04,213,213),(214,214,10,214,2725,2,'2016-08-02','2016-08-24',214,NULL,93.50,55.25,214,214),(215,215,10,215,2724,3,'2016-08-03','2016-08-24',215,NULL,23.77,20.74,215,215),(216,216,10,216,2726,3,'2016-08-04','2016-08-24',216,NULL,103.07,56.71,216,216),(217,217,10,217,2725,3,'2016-08-05','2016-08-24',217,NULL,57.13,48.59,217,217),(218,218,10,218,2725,2,'2016-08-06','2016-08-24',218,NULL,78.49,46.55,218,218),(219,219,10,219,2724,3,'2016-08-07','2016-08-24',219,NULL,59.62,57.35,219,219),(220,220,10,220,2725,3,'2016-08-08','2016-08-24',220,NULL,84.08,69.80,220,220),(221,221,10,221,2725,3,'2016-08-09','2016-08-24',221,NULL,66.61,8.62,221,221),(222,222,10,222,2724,2,'2016-08-10','2016-08-24',222,NULL,21.36,12.98,222,222),(223,223,10,223,3,3,'2016-08-11','2016-08-24',223,NULL,36.18,32.66,223,223),(224,224,10,224,2726,3,'2016-08-12','2016-08-24',224,NULL,29.21,3.06,224,224),(225,225,10,225,2724,2,'2016-08-13','2016-08-24',225,NULL,52.72,14.06,225,225),(226,226,10,226,2725,3,'2016-08-14','2016-08-24',226,NULL,34.22,9.26,226,226),(227,227,10,227,2724,3,'2016-08-15','2016-08-24',227,NULL,56.02,51.41,227,227),(228,228,10,228,2724,2,'2016-08-16','2016-08-24',228,NULL,75.09,6.57,228,228),(229,229,10,229,2725,2,'2016-08-17','2016-08-24',229,NULL,78.08,27.40,229,229),(230,230,10,230,2724,3,'2016-08-18','2016-08-24',230,NULL,26.93,10.82,230,230),(231,231,10,231,2725,2,'2016-08-19','2016-08-24',231,NULL,100.18,30.55,231,231),(232,232,10,232,2724,3,'2016-08-20','2016-08-24',232,NULL,67.02,60.11,232,232),(233,233,10,233,2725,3,'2016-08-21','2016-08-24',233,NULL,87.48,76.17,233,233),(234,234,10,234,2725,2,'2016-08-22','2016-08-24',234,NULL,61.62,34.14,234,234),(235,235,10,235,2726,2,'2016-08-23','2016-08-24',235,NULL,29.80,6.66,235,235),(236,236,10,236,2724,2,'2016-08-24','2016-08-24',236,NULL,105.60,19.95,236,236),(237,237,10,237,2726,2,'2016-08-25','2016-08-24',237,NULL,112.67,2.69,237,237),(238,238,10,238,2725,2,'2016-08-26','2016-08-24',238,NULL,53.65,8.52,238,238),(239,239,10,239,2727,2,'2016-08-27','2016-08-24',239,NULL,72.57,44.96,239,239),(240,240,10,240,2724,2,'2016-08-28','2016-08-24',240,NULL,106.67,69.22,240,240),(241,241,10,241,2727,2,'2016-08-29','2016-08-24',241,NULL,43.76,22.16,241,241),(242,242,10,242,2725,2,'2016-08-30','2016-08-24',242,NULL,35.00,7.26,242,242),(243,243,10,243,2724,2,'2016-08-31','2016-08-24',243,NULL,22.41,18.11,243,243),(244,244,10,244,2726,2,'2016-09-01','2016-09-24',244,NULL,41.68,8.66,244,244),(245,245,10,245,2724,2,'2016-09-02','2016-09-24',245,NULL,42.45,27.70,245,245),(246,246,10,246,2725,3,'2016-09-03','2016-09-24',246,NULL,74.63,40.95,246,246),(247,247,10,247,2725,2,'2016-09-04','2016-09-24',247,NULL,58.07,31.50,247,247),(248,248,10,248,2725,2,'2016-09-05','2016-09-24',248,NULL,109.76,2.57,248,248),(249,249,10,249,9000,42,'2016-09-06','2016-09-24',249,NULL,102.63,67.65,249,249),(250,250,10,250,2724,2,'2016-09-07','2016-09-24',250,NULL,32.59,5.78,250,250),(251,251,10,251,2725,2,'2016-09-08','2016-09-24',251,NULL,113.10,51.66,251,251),(252,252,10,252,2724,2,'2016-09-09','2016-09-24',252,NULL,57.28,32.99,252,252),(253,253,10,253,2724,2,'2016-09-10','2016-09-24',253,NULL,105.51,3.18,253,253),(254,254,10,254,2724,2,'2016-09-11','2016-09-24',254,NULL,32.39,8.55,254,254),(255,255,10,255,2725,2,'2016-09-12','2016-09-24',255,NULL,40.67,27.18,255,255),(256,256,10,256,2724,3,'2016-09-13','2016-09-24',256,NULL,45.14,2.19,256,256),(257,257,10,257,2724,3,'2016-09-14','2016-09-24',257,NULL,47.33,27.51,257,257),(258,258,10,258,2724,3,'2016-09-15','2016-09-24',258,NULL,100.18,12.65,258,258),(259,259,10,259,2724,2,'2016-09-16','2016-09-24',259,NULL,52.24,6.63,259,259),(260,260,10,260,2725,3,'2016-09-17','2016-09-24',260,NULL,107.68,68.30,260,260),(261,261,10,261,2727,2,'2016-09-18','2016-09-24',261,NULL,72.84,20.18,261,261),(262,262,10,262,2726,3,'2016-09-19','2016-09-24',262,NULL,65.32,12.20,262,262),(263,263,10,263,2726,2,'2016-09-20','2016-09-24',263,NULL,51.44,39.63,263,263),(264,264,10,264,2726,2,'2016-09-21','2016-09-24',264,NULL,54.59,43.27,264,264),(265,265,10,265,2724,2,'2016-09-22','2016-09-24',265,NULL,87.97,41.29,265,265),(266,266,10,266,2724,2,'2016-09-23','2016-09-24',266,NULL,21.11,17.31,266,266),(267,267,10,267,9000,42,'2016-09-24','2016-09-24',267,NULL,32.73,14.88,267,267),(268,268,10,268,2726,2,'2016-09-25','2016-09-24',268,NULL,107.51,93.40,268,268),(269,269,10,269,9000,42,'2016-09-26','2016-09-24',269,NULL,88.65,10.76,269,269),(270,270,10,270,2725,3,'2016-09-27','2016-09-24',270,NULL,113.95,67.70,270,270),(271,271,10,271,2727,2,'2016-09-28','2016-09-24',271,NULL,74.34,66.47,271,271),(272,272,10,272,2724,3,'2016-09-29','2016-09-24',272,NULL,29.22,28.04,272,272),(273,273,10,273,2724,2,'2016-09-30','2016-09-24',273,NULL,52.96,23.83,273,273),(274,274,10,274,2726,2,'2016-10-01','2016-10-24',274,NULL,45.81,35.87,274,274),(275,275,10,275,2726,2,'2016-10-02','2016-10-24',275,NULL,58.96,58.04,275,275),(276,276,10,276,2725,2,'2016-10-03','2016-10-24',276,NULL,42.53,9.55,276,276),(277,277,10,277,2724,2,'2016-10-04','2016-10-24',277,NULL,43.08,20.57,277,277),(278,278,10,278,2724,2,'2016-10-05','2016-10-24',278,NULL,38.45,37.66,278,278),(279,279,10,279,2724,2,'2016-10-06','2016-10-24',279,NULL,22.60,7.21,279,279),(280,280,10,280,9000,42,'2016-10-07','2016-10-24',280,NULL,64.38,57.53,280,280),(281,281,10,281,2724,2,'2016-10-08','2016-10-24',281,NULL,23.12,8.38,281,281),(282,282,10,282,2724,3,'2016-10-09','2016-10-24',282,NULL,92.56,16.87,282,282),(283,283,10,283,2724,3,'2016-10-10','2016-10-24',283,NULL,54.75,54.26,283,283),(284,284,10,284,2724,3,'2016-10-11','2016-10-24',284,NULL,92.21,67.70,284,284),(285,285,10,285,2724,2,'2016-10-12','2016-10-24',285,NULL,59.28,8.71,285,285),(286,286,10,286,2724,2,'2016-10-13','2016-10-24',286,NULL,113.00,37.77,286,286),(287,287,10,287,2727,3,'2016-10-14','2016-10-24',287,NULL,94.56,88.02,287,287),(288,288,10,288,2724,2,'2016-10-15','2016-10-24',288,NULL,65.42,46.67,288,288),(289,289,10,289,2726,3,'2016-10-16','2016-10-24',289,NULL,86.92,49.75,289,289),(290,290,10,290,2725,2,'2016-10-17','2016-10-24',290,NULL,83.71,59.43,290,290),(291,291,10,291,2724,2,'2016-10-18','2016-10-24',291,NULL,90.13,67.30,291,291),(292,292,10,292,2724,2,'2016-10-19','2016-10-24',292,NULL,28.54,12.89,292,292),(293,293,10,293,2726,2,'2016-10-20','2016-10-24',293,NULL,77.53,67.19,293,293),(294,294,10,294,2726,2,'2016-10-21','2016-10-24',294,NULL,30.86,10.46,294,294),(295,295,10,295,2724,2,'2016-10-22','2016-10-24',295,NULL,30.08,17.40,295,295),(296,296,10,296,2724,2,'2016-10-23','2016-10-24',296,NULL,99.15,87.24,296,296),(297,297,10,297,2724,2,'2016-10-24','2016-10-24',297,NULL,32.52,9.86,297,297),(298,298,10,298,2724,3,'2016-10-25','2016-10-24',298,NULL,103.86,51.71,298,298),(299,299,10,299,2724,2,'2016-10-26','2016-10-24',299,NULL,111.12,63.87,299,299),(300,300,10,300,2725,3,'2016-10-27','2016-10-24',300,NULL,117.62,53.58,300,300),(301,301,10,301,2724,3,'2016-10-28','2016-10-24',301,NULL,87.76,27.07,301,301),(302,302,10,302,2724,3,'2016-10-29','2016-10-24',302,NULL,109.79,61.80,302,302),(303,303,10,303,9000,42,'2016-10-30','2016-10-24',303,NULL,47.17,11.72,303,303),(304,304,10,304,2724,3,'2016-10-31','2016-10-24',304,NULL,39.73,38.98,304,304),(305,305,10,305,2725,2,'2016-11-01','2016-11-24',305,NULL,57.93,12.96,305,305),(306,306,10,306,2724,2,'2016-11-02','2016-11-24',306,NULL,80.74,28.95,306,306),(307,307,10,307,2725,2,'2016-11-03','2016-11-24',307,NULL,88.13,59.64,307,307),(308,308,10,308,9000,42,'2016-11-04','2016-11-24',308,NULL,98.52,56.90,308,308),(309,309,10,309,2724,3,'2016-11-05','2016-11-24',309,NULL,61.77,50.36,309,309),(310,310,10,310,2724,2,'2016-11-06','2016-11-24',310,NULL,82.27,32.43,310,310),(311,311,10,311,2724,3,'2016-11-07','2016-11-24',311,NULL,118.11,64.82,311,311),(312,312,10,312,9000,42,'2016-11-08','2016-11-24',312,NULL,42.00,19.06,312,312),(313,313,10,313,2726,3,'2016-11-09','2016-11-24',313,NULL,41.11,38.18,313,313),(314,314,10,314,2726,2,'2016-11-10','2016-11-24',314,NULL,52.56,12.58,314,314),(315,315,10,315,2725,3,'2016-11-11','2016-11-24',315,NULL,48.94,36.95,315,315),(316,316,10,316,2724,2,'2016-11-12','2016-11-24',316,NULL,58.22,11.90,316,316),(317,317,10,317,2724,2,'2016-11-13','2016-11-24',317,NULL,44.72,38.24,317,317),(318,318,10,318,2727,2,'2016-11-14','2016-11-24',318,NULL,38.71,37.64,318,318),(319,319,10,319,2724,2,'2016-11-15','2016-11-24',319,NULL,21.97,12.19,319,319),(320,320,10,320,2724,3,'2016-11-16','2016-11-24',320,NULL,55.76,29.77,320,320),(321,321,10,321,2726,2,'2016-11-17','2016-11-24',321,NULL,86.91,54.78,321,321),(322,322,10,322,2724,2,'2016-11-18','2016-11-24',322,NULL,28.31,17.87,322,322),(323,323,10,323,2725,2,'2016-11-19','2016-11-24',323,NULL,77.41,70.09,323,323),(324,324,10,324,2724,3,'2016-11-20','2016-11-24',324,NULL,83.19,17.75,324,324),(325,325,10,325,2724,2,'2016-11-21','2016-11-24',325,NULL,81.96,35.60,325,325),(326,326,10,326,2724,3,'2016-11-22','2016-11-24',326,NULL,22.97,21.64,326,326),(327,327,10,327,2724,2,'2016-11-23','2016-11-24',327,NULL,101.51,58.28,327,327),(328,328,10,328,2724,2,'2016-11-24','2016-11-24',328,NULL,52.66,32.73,328,328),(329,329,10,329,2725,2,'2016-11-25','2016-11-24',329,NULL,83.79,82.91,329,329),(330,330,10,330,2725,3,'2016-11-26','2016-11-24',330,NULL,48.42,28.61,330,330),(331,331,10,331,2726,2,'2016-11-27','2016-11-24',331,NULL,77.25,69.17,331,331),(332,332,10,332,9000,42,'2016-11-28','2016-11-24',332,NULL,76.32,34.39,332,332),(333,333,10,333,2725,3,'2016-11-29','2016-11-24',333,NULL,92.49,22.72,333,333),(334,334,10,334,2727,2,'2016-11-30','2016-11-24',334,NULL,27.76,9.32,334,334),(335,335,10,335,2724,2,'2016-12-01','2016-12-24',335,NULL,46.10,31.76,335,335),(336,336,10,336,2724,2,'2016-12-02','2016-12-24',336,NULL,51.68,40.28,336,336),(337,337,10,337,2724,3,'2016-12-03','2016-12-24',337,NULL,33.57,31.95,337,337),(338,338,10,338,2726,3,'2016-12-04','2016-12-24',338,NULL,32.55,11.52,338,338),(339,339,10,339,2727,3,'2016-12-05','2016-12-24',339,NULL,43.90,2.82,339,339),(340,340,10,340,2725,2,'2016-12-06','2016-12-24',340,NULL,34.02,8.27,340,340),(341,341,10,341,9000,42,'2016-12-07','2016-12-24',341,NULL,56.31,10.62,341,341),(342,342,10,342,2724,3,'2016-12-08','2016-12-24',342,NULL,79.69,58.10,342,342),(343,343,10,343,9000,42,'2016-12-09','2016-12-24',343,NULL,112.98,29.71,343,343),(344,344,10,344,2724,2,'2016-12-10','2016-12-24',344,NULL,90.91,6.11,344,344),(345,345,10,345,2725,2,'2016-12-11','2016-12-24',345,NULL,67.62,41.19,345,345),(346,346,10,346,2724,2,'2016-12-12','2016-12-24',346,NULL,104.57,44.33,346,346),(347,347,10,347,2725,2,'2016-12-13','2016-12-24',347,NULL,107.15,49.67,347,347),(348,348,10,348,2727,3,'2016-12-14','2016-12-24',348,NULL,38.15,28.78,348,348),(349,349,10,349,2724,3,'2016-12-15','2016-12-24',349,NULL,34.49,4.12,349,349),(350,350,10,350,2724,3,'2016-12-16','2016-12-24',350,NULL,67.36,7.05,350,350),(351,351,10,351,9000,42,'2016-12-17','2016-12-24',351,NULL,119.82,8.21,351,351),(352,352,10,352,2726,3,'2016-12-18','2016-12-24',352,NULL,23.91,1.45,352,352),(353,353,10,353,2725,3,'2016-12-19','2016-12-24',353,NULL,102.33,81.18,353,353),(354,354,10,354,2726,3,'2016-12-20','2016-12-24',354,NULL,20.42,16.28,354,354),(355,355,10,355,2724,3,'2016-12-21','2016-12-24',355,NULL,71.28,15.78,355,355),(356,356,10,356,2724,2,'2016-12-22','2016-12-24',356,NULL,106.12,38.39,356,356),(357,357,10,357,6,3,'2016-12-23','2016-12-24',357,NULL,97.96,41.07,357,357),(358,358,10,358,2726,2,'2016-12-24','2016-12-24',358,NULL,53.38,7.91,358,358),(359,359,10,359,2724,3,'2016-12-25','2016-12-24',359,NULL,89.13,69.10,359,359),(360,360,10,360,2725,3,'2016-12-26','2016-12-24',360,NULL,54.42,23.42,360,360),(361,361,10,361,2724,2,'2016-12-27','2016-12-24',361,NULL,116.71,2.39,361,361),(362,362,10,362,2727,2,'2016-12-28','2016-12-24',362,NULL,106.85,76.13,362,362),(363,363,10,363,2725,3,'2016-12-29','2016-12-24',363,NULL,25.28,17.21,363,363),(364,364,10,364,2726,2,'2016-12-30','2016-12-24',364,NULL,62.10,46.05,364,364),(365,365,10,365,2724,2,'2016-12-31','2016-12-24',365,NULL,53.40,14.90,365,365);
/*!40000 ALTER TABLE `talon` ENABLE KEYS */;
UNLOCK TABLES;

--
-- Table structure for table `tarifas`
--

DROP TABLE IF EXISTS `tarifas`;
/*!40101 SET @saved_cs_client     = @@character_set_client */;
/*!40101 SET character_set_client = utf8 */;
CREATE TABLE `tarifas` (
  `idtarifas` int(11) NOT NULL,
  `codproducto` int(11) NOT NULL,
  `edadinicio` int(11) DEFAULT NULL,
  `edadfin` int(11) DEFAULT NULL,
  `periodo` int(11) NOT NULL,
  `primaanual` varchar(45) DEFAULT NULL,
  `sexo` varchar(1) DEFAULT NULL,
  KEY `fk_tarifas_1_idx` (`codproducto`),
  CONSTRAINT `fk_tarifas_1` FOREIGN KEY (`codproducto`) REFERENCES `productosalud` (`idproducto`) ON DELETE NO ACTION ON UPDATE NO ACTION
) ENGINE=InnoDB DEFAULT CHARSET=latin1;
/*!40101 SET character_set_client = @saved_cs_client */;

--
-- Dumping data for table `tarifas`
--

LOCK TABLES `tarifas` WRITE;
/*!40000 ALTER TABLE `tarifas` DISABLE KEYS */;
INSERT INTO `tarifas` VALUES (8,3,0,10,2014,'71.43',NULL),(9,3,10,30,2014,'71.43',NULL),(10,3,30,60,2014,'71.43',NULL),(11,3,60,100,2014,'71.43',NULL),(12,3,0,10,2015,'55,45',NULL),(13,3,10,30,2015,'75.43',NULL),(14,3,30,60,2015,'104,5',NULL),(15,3,60,100,2015,'125,7',NULL),(16,3,0,10,2016,'57,45',NULL),(17,3,10,30,2016,'78.43',NULL),(18,3,30,60,2016,'108,5',NULL),(19,3,60,100,2016,'130,7',NULL),(1,1,0,10,2014,'300.00',''),(2,1,10,20,2014,'370.00',''),(4,1,40,60,2014,'600.00','F'),(5,1,20,40,2014,'500.00','M'),(6,1,40,60,2014,'650.00','M'),(7,1,60,100,2014,'600.00',''),(20,1,20,40,2014,'550.00','F'),(21,1,0,10,2015,'310.00',''),(22,1,10,20,2015,'380.00',''),(23,1,20,40,2015,'570.00','F'),(24,1,40,60,2015,'620.00','F'),(20,1,25,40,2015,'520.00','M'),(26,1,40,60,2015,'670.00','M'),(27,1,60,100,2015,'630.00',''),(28,1,0,10,2016,'320.00',''),(29,1,10,20,2016,'400.00',''),(30,1,20,40,2016,'590.00','F'),(31,1,40,60,2016,'640.00','F'),(32,1,25,40,2016,'540.00','M'),(33,1,40,60,2016,'690.00','M'),(34,1,60,100,2016,'650.00','');
/*!40000 ALTER TABLE `tarifas` ENABLE KEYS */;
UNLOCK TABLES;

--
-- Table structure for table `tipoacto`
--

DROP TABLE IF EXISTS `tipoacto`;
/*!40101 SET @saved_cs_client     = @@character_set_client */;
/*!40101 SET character_set_client = utf8 */;
CREATE TABLE `tipoacto` (
  `codigo` varchar(3) NOT NULL,
  `valor` varchar(100) NOT NULL,
  PRIMARY KEY (`codigo`)
) ENGINE=InnoDB DEFAULT CHARSET=latin1;
/*!40101 SET character_set_client = @saved_cs_client */;

--
-- Dumping data for table `tipoacto`
--

LOCK TABLES `tipoacto` WRITE;
/*!40000 ALTER TABLE `tipoacto` DISABLE KEYS */;
INSERT INTO `tipoacto` VALUES ('AC','ACTOS TERAPEUTICOS'),('CV','CONSULTAS Y VISITAS'),('F','FARMACIA'),('PD','PRUEBAS DE DIAGNOSTICO');
/*!40000 ALTER TABLE `tipoacto` ENABLE KEYS */;
UNLOCK TABLES;

--
-- Table structure for table `tipocopago`
--

DROP TABLE IF EXISTS `tipocopago`;
/*!40101 SET @saved_cs_client     = @@character_set_client */;
/*!40101 SET character_set_client = utf8 */;
CREATE TABLE `tipocopago` (
  `codtipo` int(11) NOT NULL AUTO_INCREMENT,
  `descripcion` varchar(100) NOT NULL,
  `fechaalta` date DEFAULT NULL,
  `fechabaja` varchar(45) DEFAULT NULL,
  PRIMARY KEY (`codtipo`)
) ENGINE=InnoDB AUTO_INCREMENT=4 DEFAULT CHARSET=latin1;
/*!40101 SET character_set_client = @saved_cs_client */;

--
-- Dumping data for table `tipocopago`
--

LOCK TABLES `tipocopago` WRITE;
/*!40000 ALTER TABLE `tipocopago` DISABLE KEYS */;
INSERT INTO `tipocopago` VALUES (1,'COLECTIVO CLINICA LA PAZ','2010-03-12',NULL),(2,'COLECTIVO CLINICA QUIRON','2001-02-03',NULL),(3,'GENERAL','2009-04-12',NULL);
/*!40000 ALTER TABLE `tipocopago` ENABLE KEYS */;
UNLOCK TABLES;

--
-- Table structure for table `tipopago`
--

DROP TABLE IF EXISTS `tipopago`;
/*!40101 SET @saved_cs_client     = @@character_set_client */;
/*!40101 SET character_set_client = utf8 */;
CREATE TABLE `tipopago` (
  `codigo` varchar(2) NOT NULL,
  `valor` varchar(45) DEFAULT NULL,
  PRIMARY KEY (`codigo`)
) ENGINE=InnoDB DEFAULT CHARSET=latin1;
/*!40101 SET character_set_client = @saved_cs_client */;

--
-- Dumping data for table `tipopago`
--

LOCK TABLES `tipopago` WRITE;
/*!40000 ALTER TABLE `tipopago` DISABLE KEYS */;
INSERT INTO `tipopago` VALUES ('A','ANUAL'),('B','BIMENSUAL'),('M','MENSUAL'),('S','SEMESTRAL'),('T','TRIMESTRAL');
/*!40000 ALTER TABLE `tipopago` ENABLE KEYS */;
UNLOCK TABLES;

--
-- Table structure for table `tiporelacion`
--

DROP TABLE IF EXISTS `tiporelacion`;
/*!40101 SET @saved_cs_client     = @@character_set_client */;
/*!40101 SET character_set_client = utf8 */;
CREATE TABLE `tiporelacion` (
  `codigo` varchar(2) NOT NULL,
  `valor` varchar(45) NOT NULL,
  PRIMARY KEY (`codigo`)
) ENGINE=InnoDB DEFAULT CHARSET=latin1;
/*!40101 SET character_set_client = @saved_cs_client */;

--
-- Dumping data for table `tiporelacion`
--

LOCK TABLES `tiporelacion` WRITE;
/*!40000 ALTER TABLE `tiporelacion` DISABLE KEYS */;
INSERT INTO `tiporelacion` VALUES ('B','BENEFICIARIO'),('T','TOMADOR'),('TI','TITULAR');
/*!40000 ALTER TABLE `tiporelacion` ENABLE KEYS */;
UNLOCK TABLES;
/*!40103 SET TIME_ZONE=@OLD_TIME_ZONE */;

/*!40101 SET SQL_MODE=@OLD_SQL_MODE */;
/*!40014 SET FOREIGN_KEY_CHECKS=@OLD_FOREIGN_KEY_CHECKS */;
/*!40014 SET UNIQUE_CHECKS=@OLD_UNIQUE_CHECKS */;
/*!40101 SET CHARACTER_SET_CLIENT=@OLD_CHARACTER_SET_CLIENT */;
/*!40101 SET CHARACTER_SET_RESULTS=@OLD_CHARACTER_SET_RESULTS */;
/*!40101 SET COLLATION_CONNECTION=@OLD_COLLATION_CONNECTION */;
/*!40111 SET SQL_NOTES=@OLD_SQL_NOTES */;

-- Dump completed on 2016-07-03 17:15:21
